id,conversation_id,created_at,date,time,timezone,user_id,username,name,place,tweet,language,mentions,urls,photos,replies_count,retweets_count,likes_count,hashtags,cashtags,link,retweet,quote_url,video,thumbnail,near,geo,source,user_rt_id,user_rt,retweet_id,reply_to,retweet_date,translate,trans_src,trans_dest
1580607281372487680,1580607281372487680,2022-10-13 20:11:56 TÃ¼rkiye Standart Saati,2022-10-13,20:11:56,+0300,1578040817012203520,jhepersondesign,joe hepeson,,"Looking for this NEW ""iPhone 14 Case"" Choose one  https://t.co/f3ohIbBTE0  #CASE143 #photographyart #USA #Apple  #iphonexsmax #instagood #iphonecase #photooftheday #Lovestory #girlpower #phone  #iPhone14ProMax  #luxury #californiagirls #woman #New  #cases #photo #iPhone13 #trading  https://t.co/PEMp6WXFEY",en,[],['https://rdbl.co/3S2oqa2'],['https://pbs.twimg.com/media/Fe9u4fZWYAEk25c.jpg'],0,0,0,"['case143', 'photographyart', 'usa', 'apple', 'iphonexsmax', 'instagood', 'iphonecase', 'photooftheday', 'lovestory', 'girlpower', 'phone', 'iphone14promax', 'luxury', 'californiagirls', 'woman', 'new', 'cases', 'photo', 'iphone13', 'trading']",[],https://twitter.com/jhepersondesign/status/1580607281372487680,False,,1,https://pbs.twimg.com/media/Fe9u4fZWYAEk25c.jpg,,,,,,,[],,,,
1580607276053716996,1580607276053716996,2022-10-13 20:11:55 TÃ¼rkiye Standart Saati,2022-10-13,20:11:55,+0300,1515697226491826179,stephen93750053,Project Bluebird,,What's sad is that it doesn't apply to every member of Congress but one bad apple....,en,[],[],[],0,0,0,[],[],https://twitter.com/Stephen93750053/status/1580607276053716996,False,,0,,,,,,,,[],,,,
1580607273646186496,1580607273646186496,2022-10-13 20:11:54 TÃ¼rkiye Standart Saati,2022-10-13,20:11:54,+0300,73694767,camglotiggyyy,johndoe   ğŸŒ ,,apple maps down lol like how?,en,[],[],[],0,0,0,[],[],https://twitter.com/camglotiggyyy/status/1580607273646186496,False,,0,,,,,,,,[],,,,
1580607271981047809,1580607271981047809,2022-10-13 20:11:54 TÃ¼rkiye Standart Saati,2022-10-13,20:11:54,+0300,145644607,alaniz1715,Edward,,Here I go on Twitter to see if anyone elseâ€™s @Apple map isnâ€™t working,en,"[{'screen_name': 'apple', 'name': 'apple', 'id': '380749300'}]",[],[],0,0,0,[],[],https://twitter.com/alaniz1715/status/1580607271981047809,False,,0,,,,,,,,[],,,,
1580607271356182528,1580607271356182528,2022-10-13 20:11:54 TÃ¼rkiye Standart Saati,2022-10-13,20:11:54,+0300,1070023453049274368,tweetbotccu,Janson's Predicament Bot,,"Fiddlesticks, Ed Speleers! The veterinarian ran off with our apple sauce, now we'll never catch a break in Nova Scotia...",en,[],[],[],0,0,0,[],[],https://twitter.com/TweetBotCCU/status/1580607271356182528,False,,0,,,,,,,,[],,,,
1580607270064250890,1580532377415086082,2022-10-13 20:11:54 TÃ¼rkiye Standart Saati,2022-10-13,20:11:54,+0300,25068198,dannyt_ug,Uncle D.,,@bentique3 Yoghurt 1800 Toothbrush 2500 Apple 1000 Gonja 1000,en,[],[],[],0,0,0,[],[],https://twitter.com/DannyT_UG/status/1580607270064250890,False,,0,,,,,,,,"[{'screen_name': 'bentique3', 'name': 'ğŸ§—ğŸ¾\u200dâ™€ï¸BentiqueğŸ¦', 'id': '1105239871'}]",,,,
1580607268810153996,1580607268810153996,2022-10-13 20:11:53 TÃ¼rkiye Standart Saati,2022-10-13,20:11:53,+0300,843406679656075265,mtaribot,Mtari Bot,,Apple threatening,en,[],[],[],0,0,0,[],[],https://twitter.com/MtariBot/status/1580607268810153996,False,,0,,,,,,,,[],,,,
1580607266788499459,1580607266788499459,2022-10-13 20:11:53 TÃ¼rkiye Standart Saati,2022-10-13,20:11:53,+0300,2194993565,maybparker,Bela | au jiara ğŸ“Œ,,"Comprei meu iPhone ano passado, quero meu carregador, agiliza isso daÃ­ dona Apple",pt,[],[],[],0,0,0,[],[],https://twitter.com/maybparker/status/1580607266788499459,False,,0,,,,,,,,[],,,,
1580607254168240128,1580607254168240128,2022-10-13 20:11:50 TÃ¼rkiye Standart Saati,2022-10-13,20:11:50,+0300,1440728459412574219,michaeljolin72,Michael Jolin,,Does this mean Apple should have a bank multiple?,en,[],[],[],0,0,0,[],[],https://twitter.com/MichaelJolin72/status/1580607254168240128,False,,0,,,,,,,,[],,,,
1580607254008827904,1580604253626073088,2022-10-13 20:11:50 TÃ¼rkiye Standart Saati,2022-10-13,20:11:50,+0300,812983604410281984,darkdjarin,Mando î¨€,,@Apple_Geek_Actu Des nouvelles pour lâ€™arrivÃ©e dâ€™Apple Card en France ?,fr,[],[],[],0,0,0,[],[],https://twitter.com/darkdjarin/status/1580607254008827904,False,,0,,,,,,,,"[{'screen_name': 'Apple_Geek_Actu', 'name': 'AppleGeek', 'id': '329250613'}]",,,,
1580607253467758592,1580520219302252544,2022-10-13 20:11:50 TÃ¼rkiye Standart Saati,2022-10-13,20:11:50,+0300,4654451776,aktasabri_1,kartal,,@serdartoprak01 @korayphlvglu Yesinler seni hocam daha adamÄ±n sÃ¶ylediÄŸini anlamaktan acizsin me Ã¶zgÃ¼veni be batmakta olan bir Ã¼lkede yaÅŸÄ±yorsun bir de HÄ°Ã‡ UTANMADAN EVET UTANMADAN soruyorsun! Ã–nce kendini bir bil! BatÄ±yor dediÄŸin Amerika daki bir APPLE in cirosu TÃ¼rkiye nin iki katÄ± daha bir sÃ¼rÃ¼ Ã¶rnek veriri,tr,[],[],[],0,0,0,[],[],https://twitter.com/aktasabri_1/status/1580607253467758592,False,,0,,,,,,,,"[{'screen_name': 'serdartoprak01', 'name': 'serdar toprak bezik&izol aÅŸiretinin evladÄ±', 'id': '1025110093'}, {'screen_name': 'korayphlvglu', 'name': 'Koray PehlivanoÄŸlu', 'id': '190247958'}]",,,,
1580607248455196676,1580607248455196676,2022-10-13 20:11:48 TÃ¼rkiye Standart Saati,2022-10-13,20:11:48,+0300,1578929856925999105,js2ghv,å°å³¶é€²å¤ªéƒ@ã²ã‚ˆã£ã“æ©Ÿé–¢å“¡,,iPhone14è²·ãŠã†ã‹ãªã€ã€ã€1ä¸‡å††å††å®‰åˆ†AppleãŒè² æ‹…ã—ã¦ã‚‹ã‚ã‘ã ã‹ã‚‰ã“ã®ã¾ã¾ã ã¨æœ¬å½“ã«è²·ãˆãªããªã‚Šãã†ã€ã€,ja,[],[],[],0,0,0,[],[],https://twitter.com/js2ghv/status/1580607248455196676,False,https://twitter.com/nhk_news/status/1580351621393158144,0,,,,,,,,[],,,,
1580607247779913728,1580398924145516544,2022-10-13 20:11:48 TÃ¼rkiye Standart Saati,2022-10-13,20:11:48,+0300,16054929,rlwilsonassoc,rlwilsonassoc,,"@lynda514 @RepMTG @catturd2 @kanyewest Nowhere in the constitution does it protect shoes/ shirts but it does offer protections on free speech.  Not apples/ apples. While U may be liberal on most issues, there will be one they cancel you on as it tightens. Elites R never satisfied &amp; always sacrifice their own. U R next",en,[],[],[],0,0,0,[],[],https://twitter.com/rlwilsonassoc/status/1580607247779913728,False,,0,,,,,,,,"[{'screen_name': 'lynda514', 'name': 'lynda514', 'id': '14574597'}, {'screen_name': 'RepMTG', 'name': 'Rep. Marjorie Taylor GreeneğŸ‡ºğŸ‡¸', 'id': '1344356576786866176'}, {'screen_name': 'catturd2', 'name': 'Catturd â„¢', 'id': '1043185714437992449'}, {'screen_name': 'kanyewest', 'name': 'ye', 'id': '169686021'}]",,,,
1580607242101207040,1580607242101207040,2022-10-13 20:11:47 TÃ¼rkiye Standart Saati,2022-10-13,20:11:47,+0300,1481565674988519424,rahulsh74135741,Rahul Sharma,,Apple ğŸ company is dying. No one will buy iPhone  after 25 years later  if it goes like this. Steve jobs only one who know the value of apple.@tim_cook only focus on profit and quantity not the quality.iphone 13 and iPhone 14 look almost same. the company will face lost soon.  https://t.co/vRd7C4PB9Q,en,"[{'screen_name': 'tim_cook', 'name': 'tim cook', 'id': '1636590253'}]",[],['https://pbs.twimg.com/media/Fe9x6OtWIAMPNv1.jpg'],0,0,0,[],[],https://twitter.com/RahulSh74135741/status/1580607242101207040,False,,1,https://pbs.twimg.com/media/Fe9x6OtWIAMPNv1.jpg,,,,,,,[],,,,
1580607239475597314,1580539093083045888,2022-10-13 20:11:46 TÃ¼rkiye Standart Saati,2022-10-13,20:11:46,+0300,976345683681619968,colemarisa49,Martina Shantez,,"@MB63795667 @JaneHWBB @GWolf1490 @joncoopertweets And BTW; The biggest corporations and their CEO are Democrats. Everyone from Zuckerberg to every CEO at Google and Apple, to the CEO of Twitter, to all of Hollywood, esp Disney. Democrats do far more corporate welfare then Republicans.",en,[],[],[],0,0,0,[],[],https://twitter.com/colemarisa49/status/1580607239475597314,False,,0,,,,,,,,"[{'screen_name': 'MB63795667', 'name': 'MB', 'id': '1261883750788395008'}, {'screen_name': 'JaneHWBB', 'name': 'JHWBB ğŸ‡ºğŸ‡¦', 'id': '627341141'}, {'screen_name': 'GWolf1490', 'name': 'GreyWolf1490', 'id': '1364596511468904454'}, {'screen_name': 'joncoopertweets', 'name': 'Jon Cooper', 'id': '27493883'}]",,,,
1580607223826243595,1580607223826243595,2022-10-13 20:11:43 TÃ¼rkiye Standart Saati,2022-10-13,20:11:43,+0300,1050073014107348992,nyumirror,SQUIRT COBAIN,,an meine apple cookies: ich hab schon das 14pro ich brauch eure werbung nichtmehr,de,[],[],[],0,0,0,[],[],https://twitter.com/nyumirror/status/1580607223826243595,False,,0,,,,,,,,[],,,,
1580607217849360388,1580595639570038784,2022-10-13 20:11:41 TÃ¼rkiye Standart Saati,2022-10-13,20:11:41,+0300,1259587790242627584,grandpaphuc,Grandpa Phuc,,"@jrmikey80 @JackPosobiec When did kap have to pay a defamation lawsuit to the â€œwhite people he offendedâ€ apples to oranges my guy, if info wars ousted Alex Jones from the company for his statements, nobody would give a shit",en,[],[],[],0,0,0,[],[],https://twitter.com/GrandpaPhuc/status/1580607217849360388,False,,0,,,,,,,,"[{'screen_name': 'jrmikey80', 'name': 'The Fun Guy â€œOctobersVeryOwnâ€', 'id': '21973156'}, {'screen_name': 'JackPosobiec', 'name': 'Jack Posobiec ğŸ‡ºğŸ‡¸', 'id': '592730371'}]",,,,
1580607214938902529,1580607214938902529,2022-10-13 20:11:40 TÃ¼rkiye Standart Saati,2022-10-13,20:11:40,+0300,1534303073358778368,rpkbeehivesi,District 31 Pre-K Centers,,Students in Mrs. Trombaâ€™s #3K class are apple investigators ğŸ Students taste tested and learned about the different parts of an apple. @DrJoyAbrams @AP_JelaniMiller @DrMarionWilson @CSD31SI @NYCSchools  https://t.co/gFougFX9pS,en,"[{'screen_name': 'drjoyabrams', 'name': 'dr. joy abrams', 'id': '56266504'}, {'screen_name': 'ap_jelanimiller', 'name': 'jelani miller', 'id': '214229567'}, {'screen_name': 'drmarionwilson', 'name': 'dr. marion wilson', 'id': '424715297'}, {'screen_name': 'csd31si', 'name': 'csd31statenisland', 'id': '3416683006'}, {'screen_name': 'nycschools', 'name': 'nyc public schools', 'id': '22049097'}]",[],['https://pbs.twimg.com/media/Fe9x398WQAI01vI.jpg'],0,0,1,['3k'],[],https://twitter.com/RPKBeehiveSI/status/1580607214938902529,False,,1,https://pbs.twimg.com/media/Fe9x398WQAI01vI.jpg,,,,,,,[],,,,
1580607213051076610,1580557972245139456,2022-10-13 20:11:40 TÃ¼rkiye Standart Saati,2022-10-13,20:11:40,+0300,2232664160,the_whoz,J u l i o,,@zapplegate @Apple Thank you sir,en,[],[],[],0,0,0,[],[],https://twitter.com/the_whoz/status/1580607213051076610,False,,0,,,,,,,,"[{'screen_name': 'zapplegate', 'name': 'Zac Applegate', 'id': '23204337'}, {'screen_name': 'Apple', 'name': 'Apple', 'id': '380749300'}]",,,,
1580607206214754304,1580607206214754304,2022-10-13 20:11:38 TÃ¼rkiye Standart Saati,2022-10-13,20:11:38,+0300,823995195964399616,stleastpointe,St Thomas Lutheran,,"I expect you have heard the expression â€œone bad apple spoils the whole bunchâ€ (or some derivation of it), but what if the opposite were true?Â  What if one good apple could save the whole bunch of rotten ones?Â    https://t.co/MN5VdMRXK1  https://t.co/mi7OasxlLE",en,[],['https://www.stl-eastpointe.org/2022/10/13/apples-good-bad/'],['https://pbs.twimg.com/media/Fe9x4KkXgAUDiAS.jpg'],0,0,0,[],[],https://twitter.com/stleastpointe/status/1580607206214754304,False,,1,https://pbs.twimg.com/media/Fe9x4KkXgAUDiAS.jpg,,,,,,,[],,,,
1580607203190661120,1580607199768096768,2022-10-13 20:11:38 TÃ¼rkiye Standart Saati,2022-10-13,20:11:38,+0300,3505675888,niceskulltula,Because Biko,,"You telling me notoriety alone can accomplish that?? Cause thereâ€™s an example of where weâ€™re failing at if so. This is objectively, abhorrently apples n oranges. Donâ€™t put actual art n stand it beside bold n brash by any sorta metrics. I can see why people get mad at these awards",en,[],[],[],0,0,0,[],[],https://twitter.com/niceskulltula/status/1580607203190661120,False,,0,,,,,,,,[],,,,
1580607201705484290,1580589823236050946,2022-10-13 20:11:37 TÃ¼rkiye Standart Saati,2022-10-13,20:11:37,+0300,82642310,saksham111,Saksham,,@championswimmer Contactless payments through card/Apple Pay &gt;&gt;&gt;&gt;&gt; UPI,en,[],[],[],0,0,0,[],[],https://twitter.com/SAKSHAM111/status/1580607201705484290,False,,0,,,,,,,,"[{'screen_name': 'championswimmer', 'name': 'Arnav Gupta ğŸ’‰ğŸ’‰ğŸ’‰', 'id': '63066473'}]",,,,
1580607197725458432,1580607197725458432,2022-10-13 20:11:36 TÃ¼rkiye Standart Saati,2022-10-13,20:11:36,+0300,203742697,rymancubs13,Ryan (Taylorâ€™s Version),,I donâ€™t know whoâ€™s at fault but @Verizon and @Apple really need to get an update ASAP to address the 5G issues with the #iPhone14ProMax. There is NO reason I should completely lose service every 2 minutes and have horrid 5G service in the middle of Chicago the 3rd largest us City,en,"[{'screen_name': 'verizon', 'name': 'verizon', 'id': '59889953'}, {'screen_name': 'apple', 'name': 'apple', 'id': '380749300'}]",[],[],0,0,0,['iphone14promax'],[],https://twitter.com/rymancubs13/status/1580607197725458432,False,,0,,,,,,,,[],,,,
1580607192046002180,1580584482582966272,2022-10-13 20:11:35 TÃ¼rkiye Standart Saati,2022-10-13,20:11:35,+0300,869349668043534336,danil0gp,Danilo,,"@chico_costa92 @bozo_genocida1 @choquei no caso dos carros n Ã© classificado como venda casada porque a empresa que faz o carro Ã© uma e a que faz a gasolina Ã© outra, no caso da apple vira venda casada pq eles te obrigam a gastar mais alÃ©m do aparelho celular pra comprar o carregador deles",pt,[],[],[],0,0,0,[],[],https://twitter.com/danil0gp/status/1580607192046002180,False,,0,,,,,,,,"[{'screen_name': 'chico_costa92', 'name': 'Francisco Costa', 'id': '3027733261'}, {'screen_name': 'bozo_genocida1', 'name': 'lula presidente 13', 'id': '1357165701073690630'}, {'screen_name': 'choquei', 'name': 'CHOQUEI', 'id': '953378142198161409'}]",,,,
1580607185029337088,1580607185029337088,2022-10-13 20:11:33 TÃ¼rkiye Standart Saati,2022-10-13,20:11:33,+0300,809229705073147904,estream_studios,eStream Studios,,#Apple How to connect AirPods to your laptop: AirPods connect seamlessly to Apple devices; listen to podcasts on your iPhone or watch your latest streaming obsession on the iPad without disturbingâ€¦  https://t.co/kmVbiIVLFo  |  https://t.co/9PZsVIIt5b  |  https://t.co/eKi4cOOkg2  https://t.co/lxKdZDDdGt,en,[],"['http://dlvr.it/Sb1xbp', 'http://bit.ly/25FreeBTC', 'http://bit.ly/CTrendZulu']",['https://pbs.twimg.com/media/Fe9x29daAAA5wdh.jpg'],0,0,0,['apple'],[],https://twitter.com/eStream_Studios/status/1580607185029337088,False,,1,https://pbs.twimg.com/media/Fe9x29daAAA5wdh.jpg,,,,,,,[],,,,
1580607184169099282,1580593469953048578,2022-10-13 20:11:33 TÃ¼rkiye Standart Saati,2022-10-13,20:11:33,+0300,1553855198459830277,jason63227768,DrNurse,,"@dagetz @MarceloPLima @StockMarketNerd You have a point about the hardware, but Apple donâ€™t have the social infrastructure of Meta (personal social) and Microsoft (business social), thatâ€™s where the user base is, and value. Ultimately (I accept this is very unlikely) a collaboration would be amazing ğŸ”¥",en,[],[],[],0,0,0,[],[],https://twitter.com/Jason63227768/status/1580607184169099282,False,,0,,,,,,,,"[{'screen_name': 'dagetz', 'name': 'Loughlin ğŸ‡®ğŸ‡ª', 'id': '70421465'}, {'screen_name': 'MarceloPLima', 'name': 'Marcelo P. Lima', 'id': '41652821'}, {'screen_name': 'StockMarketNerd', 'name': 'Brad Freeman', 'id': '1130601604418347008'}]",,,,
1580607181115645954,1580607181115645954,2022-10-13 20:11:32 TÃ¼rkiye Standart Saati,2022-10-13,20:11:32,+0300,996524392107589632,finlayarts,FinlayArts (creator of Skelendertale),,"*cough, cough* Noot Apples!",en,[],[],[],0,0,0,[],[],https://twitter.com/finlayarts/status/1580607181115645954,False,https://twitter.com/simplynature8/status/1579712743976112128,0,,,,,,,,[],,,,
1580607180742733824,1580607180742733824,2022-10-13 20:11:32 TÃ¼rkiye Standart Saati,2022-10-13,20:11:32,+0300,1285381867,annagolkayepez,Here for the Fashion,,Check out this listing I just added to my #Poshmark closet: Intentionally Blank Shoes Apple Green Square Toe Sling Back Loafers Crocodile.  https://t.co/Mb6ZvoBHYk #shopmycloset @poshmarkapp,en,"[{'screen_name': 'poshmarkapp', 'name': 'poshmark', 'id': '357211620'}]",['https://poshmark.com/listing/634846518634cb07534c8854?utm_source=tw_sh&utm_content=ext_trk%3Dbranch%26feature%3Dsh_li_cl_ios%26rfuid%3Dext1%3A828a738a-96cf-4fd4-84c8-135aacbe6554'],[],0,0,0,"['poshmark', 'shopmycloset']",[],https://twitter.com/annagolkayepez/status/1580607180742733824,False,,0,,,,,,,,[],,,,
1580607178758447105,1580607178758447105,2022-10-13 20:11:32 TÃ¼rkiye Standart Saati,2022-10-13,20:11:32,+0300,21280493,andkeezuswept,âœ¨fluorescent beigeâœ¨,,WHY THE FUCK IS LIL MURDA NOT ON APPLE MUSIC NO MORE?!?!!!?!!!!!???!!?!!!???!!??!??!!?,en,[],[],[],0,0,0,[],[],https://twitter.com/AndKeezusWept/status/1580607178758447105,False,,0,,,,,,,,[],,,,
1580607178276102148,1580577225518112768,2022-10-13 20:11:32 TÃ¼rkiye Standart Saati,2022-10-13,20:11:32,+0300,962786066435575809,themostconfuse2,nolongerconfused,,"@hodgetwins Every industry we have, all the way up &amp; down the Beanstalk, has bad apples that make things harder for the majority of good people.   We used to overshadow them.  Now we glorify them.",en,[],[],[],0,0,0,[],[],https://twitter.com/themostconfuse2/status/1580607178276102148,False,,0,,,,,,,,"[{'screen_name': 'hodgetwins', 'name': 'Hodgetwins', 'id': '18584875'}]",,,,
1580607176984256519,1580523585512185858,2022-10-13 20:11:31 TÃ¼rkiye Standart Saati,2022-10-13,20:11:31,+0300,619464561,ropet3112,TUNEMAN,,@Assgustin @AttikusFFinch @TLockedB Fruit is healthy but this apple took the shortcut to the exit,en,[],[],[],0,0,0,[],[],https://twitter.com/ropet3112/status/1580607176984256519,False,,0,,,,,,,,"[{'screen_name': 'Assgustin', 'name': 'Augustin de Charleville (Athens 22/10â¡ï¸28/10)', 'id': '1107342533527564290'}, {'screen_name': 'AttikusFFinch', 'name': 'AttikusFFinch', 'id': '1425211311764426755'}, {'screen_name': 'TLockedB', 'name': 'Â°', 'id': '1363162289696825345'}]",,,,
1580607173847298053,1580607173847298053,2022-10-13 20:11:31 TÃ¼rkiye Standart Saati,2022-10-13,20:11:31,+0300,1249359944136048640,mhykvul,misaâ¤ï¸,,ã‚¹ãƒãƒ›ã§é…ä¿¡è¦‹ã¡ã‚ƒã†ã‹ã‚‰ã€ãã®ã¾ã¾ã‚¹ãƒãƒ›ã§ã‚¹ãƒ‘ãƒãƒ£æŠ•ã’ã¦ã‚‹ã‘ã©ã€Appleã«å…¥ã‚‹é¡å¤§ãã™ãã¦ã‚¢ãƒ›ã‚‰ã—ã„ã‹ã‚‰ã€PCé–‹ã‘ã‚‹ã‚ˆã†ã«ã—ãªãã‚ƒãªâ€¦ã€‚,ja,[],[],[],0,0,0,[],[],https://twitter.com/mhykvul/status/1580607173847298053,False,,0,,,,,,,,[],,,,
1580607173239111680,1580607173239111680,2022-10-13 20:11:31 TÃ¼rkiye Standart Saati,2022-10-13,20:11:31,+0300,2185347326,sophsa,silvio danteâ€™s inferno,,apple should immediately upgrade your storage capacity if youâ€™re a woman bc our phoneâ€™s are mostly filled with thousands of screenshots of conversations weâ€™re trying to dissect like weâ€™re the CIA,en,[],[],[],0,0,0,[],[],https://twitter.com/sophsa/status/1580607173239111680,False,,0,,,,,,,,[],,,,
1580607172009811974,1580603022115508225,2022-10-13 20:11:30 TÃ¼rkiye Standart Saati,2022-10-13,20:11:30,+0300,1538159785727623168,pinktakki,PinkTakki,,@TakkiKt å»·å“¥ï¼Œè¯·é—®ä½ åˆç­”åº”ç»™è€å©†ä¹°ä»€ä¹ˆappleäº§å“ï¼Ÿä¹°å‡ ç®±ç«é¸¡é¢ï¼Ÿæ‰è®©ç²¾è‡´çš„å…¬ä¸»ç­”åº”æ¶è¶£å‘³ç€è£…çš„ï¼Ÿ  https://t.co/W8mbZK9u2Q,zh,[],[],['https://pbs.twimg.com/media/Fe9x13UUYAUvUMx.jpg'],0,0,0,[],[],https://twitter.com/PinkTakki/status/1580607172009811974,False,,1,https://pbs.twimg.com/media/Fe9x13UUYAUvUMx.jpg,,,,,,,"[{'screen_name': 'TakkiKt', 'name': 'ğŸŒ³', 'id': '1472885683736158218'}]",,,,
1580607169762045953,1580607169762045953,2022-10-13 20:11:30 TÃ¼rkiye Standart Saati,2022-10-13,20:11:30,+0300,887307652648157184,kamiyou_,ã‹ã¿ã‚†ãƒ¼ğŸ¤ŸğŸ˜…ï¼ˆå…¬å¼ï¼‰,,å‰ä½¿ã£ã¦ãŸiPhone7ä½¿ãˆãŸã‘ã© LINEå…¥ã£ã¦ãªã„ã®è‰ Appleã®ã‚¢ã‚«ã‚¦ãƒ³ãƒˆä¹—ã£å–ã‚‰ã‚Œã¦ã‚‹ã‹ã‚‰ãƒ€ã‚¦ãƒ³ãƒ­ãƒ¼ãƒ‰å‡ºæ¥ã­ã‡ã‚ˆw,ja,[],[],[],0,0,0,[],[],https://twitter.com/kamiyou_/status/1580607169762045953,False,,0,,,,,,,,[],,,,
1580607165869756417,1580607165869756417,2022-10-13 20:11:29 TÃ¼rkiye Standart Saati,2022-10-13,20:11:29,+0300,47168396,robsferreiraq,padre de festa junina,,"bora, @applebrasil, eu quero o meu carregador! na minha cidade nÃ£o tem loja prÃ³pria da Apple, onde eu devo solicitar? cadÃª os advogados do twitter?  https://t.co/5ozoqD91Tu",pt,"[{'screen_name': 'applebrasil', 'name': 'joÃ£o gabriel', 'id': '20595201'}]",[],['https://pbs.twimg.com/media/Fe9x1vIXoAQ4gNG.jpg'],0,0,0,[],[],https://twitter.com/robsferreiraq/status/1580607165869756417,False,,1,https://pbs.twimg.com/media/Fe9x1vIXoAQ4gNG.jpg,,,,,,,[],,,,
1580607165349257231,1580604443501813770,2022-10-13 20:11:29 TÃ¼rkiye Standart Saati,2022-10-13,20:11:29,+0300,1459632829265022982,leighswiftie08,Leigh-Anne ğŸ•¯ï¸Graham NortonğŸ•¯ï¸ ğŸ¥¹Sweet NothingğŸ¥¹,,@SionedTheArcher I used to have Apple Music! They didnâ€™t have haunted piano version though!,en,[],[],[],0,0,1,[],[],https://twitter.com/Leighswiftie08/status/1580607165349257231,False,,0,,,,,,,,"[{'screen_name': 'SionedTheArcher', 'name': 'Sioned (Taylorâ€™s Version)', 'id': '1578157333670236160'}]",,,,
1580607164502396929,1580607164502396929,2022-10-13 20:11:28 TÃ¼rkiye Standart Saati,2022-10-13,20:11:28,+0300,15723264,eprnetwork,EPR Network,,"Mobile Application Market worth XX billion/million by 2031 | Apple, Google, Microsoft Corporation -  https://t.co/9AyF88SMP0  https://t.co/wEVM1hG4h4",en,[],['https://express-press-release.net/news/2022/10/13/1273558'],['https://pbs.twimg.com/media/Fe9x1vwWIAIg8yf.jpg'],0,0,0,[],[],https://twitter.com/eprnetwork/status/1580607164502396929,False,,1,https://pbs.twimg.com/media/Fe9x1vwWIAIg8yf.jpg,,,,,,,[],,,,
1580607164430704644,1580607164430704644,2022-10-13 20:11:28 TÃ¼rkiye Standart Saati,2022-10-13,20:11:28,+0300,1412423022686965775,henshinmenpod,The Henshin Men Podcast,,"#KamenRider (1971)'s final arc begins! I'm joined by Proto_Sonic and CrownlessKing_OP of @ThatToku. Crabbat, Gelshocker, and condolence bombs. All these and more in this episode!  WEBSITE:  https://t.co/0kLTKAJmMF APPLE:  https://t.co/sbFQKYUm4i SPOTIFY:  https://t.co/dqhLeZjnKQ  https://t.co/66feLeMfZN",en,"[{'screen_name': 'thattoku', 'name': 'that other spooky podcast', 'id': '1291388441188618240'}]","['https://kaijuramenmedia.com/henshinmenpod', 'https://tinyurl.com/HM52-apple', 'https://tinyurl.com/HM52-spotify']",['https://pbs.twimg.com/media/Fe9xYqbXwAE13hh.jpg'],0,0,0,['kamenrider'],[],https://twitter.com/HenshinMenPod/status/1580607164430704644,False,,1,https://pbs.twimg.com/media/Fe9xYqbXwAE13hh.jpg,,,,,,,[],,,,
1580607159380762629,1580607159380762629,2022-10-13 20:11:27 TÃ¼rkiye Standart Saati,2022-10-13,20:11:27,+0300,1480566938455928834,rrr_casino,sinoâ„ï¸ãƒ•ã‚©ãƒ­ãƒ100,,ã€ä»Šè©±é¡Œã®ã‚»ãƒ¼ãƒ«ã‚¹å•†å“ç´¹ä»‹â¤ã€‘  Apple AirPodsï¼ˆç¬¬3ä¸–ä»£ï¼‰  https://t.co/59orH7IqYJ  #Amazonã‚»ãƒ¼ãƒ«,ja,[],['https://www.amazon.co.jp/dp/B09JQZ6RQ3?tag=casino0a9-22&AssociateTag=casino0a9-22&linkId=01252263c97d8f44da7bdca274ea5c50'],[],0,0,0,['amazonã‚»ãƒ¼ãƒ«'],[],https://twitter.com/RRR_casino/status/1580607159380762629,False,,0,,,,,,,,[],,,,
1580607158474792970,1580607158474792970,2022-10-13 20:11:27 TÃ¼rkiye Standart Saati,2022-10-13,20:11:27,+0300,2485828128,djwhizz856,djwhizz,,"#NowPlaying on W.H.I.Z. Radio Todd Bangz - Think It's A Game listen live at  https://t.co/dz5OIHhlbw, download from Apple &amp; Google or play on Alexa",en,[],['http://whiz-radio.com'],[],0,0,0,['nowplaying'],[],https://twitter.com/djwhizz856/status/1580607158474792970,False,,0,,,,,,,,[],,,,
1580607155916648449,1580607155916648449,2022-10-13 20:11:26 TÃ¼rkiye Standart Saati,2022-10-13,20:11:26,+0300,1575458357216944128,thefantasticjoe,The Fantastic Joe,,If you could only have one? Apple Watch Ultra or iPhone 14 Pro? #iPhone14Pro #AppleWatchUltra,en,[],[],[],0,0,0,"['iphone14pro', 'applewatchultra']",[],https://twitter.com/TheFantasticJoe/status/1580607155916648449,False,,0,,,,,,,,[],,,,
1580607153752006666,1580606458840125440,2022-10-13 20:11:26 TÃ¼rkiye Standart Saati,2022-10-13,20:11:26,+0300,205470060,jeremyfails_,jeremy fails â¸¸,,@Venmo Thanks yall and my tips on here are turned on with my venmo handle ğŸ™‚ deuces and apple juices âœŒ,en,[],[],[],0,0,0,[],[],https://twitter.com/jeremyfails_/status/1580607153752006666,False,,0,,,,,,,,"[{'screen_name': 'Venmo', 'name': 'Venmo', 'id': '18580938'}]",,,,
1580607151109595137,1580607151109595137,2022-10-13 20:11:25 TÃ¼rkiye Standart Saati,2022-10-13,20:11:25,+0300,73509020,lyndseyyxoxoxo,lynds ğŸ‡,,GUYS APPLE MAPS IS DOWN AND IDK HOW GO GET BACK TO WORK LMFAO,en,[],[],[],0,0,0,[],[],https://twitter.com/LyndseyyXOXOXO/status/1580607151109595137,False,,0,,,,,,,,[],,,,
1580607147515076609,1580607147515076609,2022-10-13 20:11:24 TÃ¼rkiye Standart Saati,2022-10-13,20:11:24,+0300,409829277,jaosean,SoCo lime boy,,Apple Cinnamon nutri grain bars go hard.,en,[],[],[],0,0,0,[],[],https://twitter.com/Jaosean/status/1580607147515076609,False,,0,,,,,,,,[],,,,
1580607147364474880,1580601353792913408,2022-10-13 20:11:24 TÃ¼rkiye Standart Saati,2022-10-13,20:11:24,+0300,1391785852397834250,bonsaidaddy7,Goldenhobi â· ğŸğŸŸ,,@koaIalava Couldnâ€™t u say that about almost every apple product,en,[],[],[],0,0,0,[],[],https://twitter.com/bonsaidaddy7/status/1580607147364474880,False,,0,,,,,,,,"[{'screen_name': 'koaIalava', 'name': 'â‚', 'id': '1521016193821327360'}]",,,,
1580607145606668295,1580458237648056320,2022-10-13 20:11:24 TÃ¼rkiye Standart Saati,2022-10-13,20:11:24,+0300,1874789011,jacques_steven,Steven Jacques,,"@iKnowReview Da ich viel die Fitness Funktionen der Apple Watch nutze wÃ¼rde mich interessieren, wie genau ist die Herzfrequenz Messung gegenÃ¼ber der Apple Watch ?",de,[],[],[],0,0,0,[],[],https://twitter.com/jacques_steven/status/1580607145606668295,False,,0,,,,,,,,"[{'screen_name': 'iKnowReview', 'name': 'Kilian', 'id': '1635484237'}]",,,,
1580607142335111168,1580585051661950978,2022-10-13 20:11:23 TÃ¼rkiye Standart Saati,2022-10-13,20:11:23,+0300,1286876298,littlewilding,Jennifer Wilding,,@clairegranato @stsandford @CatherineSilco1 @StefanieLTH @AlisonH124 @LancsHospRT @AHPFacultyLSC @NWAHP @LthtrDietitians This is fantastic! Well done for featuring a dietitian with something other than an apple!!,en,[],[],[],0,0,0,[],[],https://twitter.com/littlewilding/status/1580607142335111168,False,,0,,,,,,,,"[{'screen_name': 'clairegranato', 'name': 'Claire Granato', 'id': '542117805'}, {'screen_name': 'stsandford', 'name': 'Stephen Sandford', 'id': '353943184'}, {'screen_name': 'CatherineSilco1', 'name': 'Catherine Silcock', 'id': '3337601039'}, {'screen_name': 'StefanieLTH', 'name': 'Stefanie Johnson LTHTR', 'id': '1012442586664054784'}, {'screen_name': 'AlisonH124', 'name': 'Alison Higgins', 'id': '1113169867052593152'}, {'screen_name': 'LancsHospRT', 'name': 'LancsHospitalsRadiotherapy', 'id': '1001744930899980288'}, {'screen_name': 'AHPFacultyLSC', 'name': 'AHPFacultyL&SC', 'id': '1394233814969356292'}, {'screen_name': 'NWAHP', 'name': 'NW AHP Network', 'id': '2535132517'}, {'screen_name': 'LthtrDietitians', 'name': 'LTHTR Dietitians', 'id': '900791929696333826'}]",,,,
1580607140980350981,1580607140980350981,2022-10-13 20:11:23 TÃ¼rkiye Standart Saati,2022-10-13,20:11:23,+0300,1469047792521854978,jeonkui,marcos,,cadÃª meu carregador apple,pt,[],[],[],0,0,0,[],[],https://twitter.com/jeonkui/status/1580607140980350981,False,https://twitter.com/choquei/status/1580584482582966272,0,,,,,,,,[],,,,
1580607133321551886,1580586681224552448,2022-10-13 20:11:21 TÃ¼rkiye Standart Saati,2022-10-13,20:11:21,+0300,1435759057210470405,lindabeach77,Linda Beach,,"@lavern_spicer Trump is going to prison, Federal or State, and rightly so.  Nothing CNN broadcasts drove a father of a slain child to suicide.  NOTHING CNN broadcasts encourages listeners to stalk, harass and attack victims families.  Stop your apples and oranges comparisons.",en,[],[],[],0,0,0,[],[],https://twitter.com/lindabeach77/status/1580607133321551886,False,,0,,,,,,,,"[{'screen_name': 'lavern_spicer', 'name': 'Lavern Spicer ğŸ‡ºğŸ‡¸', 'id': '1187835922118787073'}]",,,,
1580607131518406658,1580093853650292736,2022-10-13 20:11:21 TÃ¼rkiye Standart Saati,2022-10-13,20:11:21,+0300,924859206,eniquua,Ğ¾Ñ€Ğ³Ğ°Ğ½Ğ¸Ğ·Ğ°Ñ‚Ñ€Ğ¸ĞºÑ,,"@2__Bars @Apple_SIR Ğ² Ñ‚Ğ¾Ğ¼, Ñ‡Ñ‚Ğ¾ Ğ¶Ğ¸Ğ²Ğ¾Ñ‚Ğ½Ñ‹Ñ… Ñƒ Ğ¼ĞµĞ½Ñ Ğ±Ğ¾Ğ»ÑŒÑˆĞµ Ğ¾Ğ´Ğ½Ğ¾Ğ³Ğ¾. Ğ¸ Ñ Ğ½Ğµ Ğ¿Ğ¾Ğ²ĞµĞ·Ñƒ Ğ¸Ñ… Ğ² Ğ±Ğ°Ğ³Ğ°Ğ¶Ğµ, Ğ¿Ğ¾Ñ‚Ğ¾Ğ¼Ñƒ Ñ‡Ñ‚Ğ¾ ÑÑ‚Ğ¾ Ğ½ĞµÑÑ‚Ğ¸Ñ‡Ğ½Ğ¾",ru,[],[],[],0,0,0,[],[],https://twitter.com/eniquua/status/1580607131518406658,False,,0,,,,,,,,"[{'screen_name': '2__Bars', 'name': '2 Bars', 'id': '291682906'}, {'screen_name': 'Apple_SIR', 'name': 'ÑĞ±Ğ»Ğ¾Ñ‡Ğ½Ñ‹Ğ¹ ÑÑ‹Ñ€', 'id': '352985612'}]",,,,
1580607129668694018,1580607129668694018,2022-10-13 20:11:20 TÃ¼rkiye Standart Saati,2022-10-13,20:11:20,+0300,1343224330474250241,mtmhhbxbb54wkpa,ä¼èª¬ã®ã‚¿ãƒã‚´,,Amazon è‰¯ã‹ã£ãŸã‚‰è¦‹ã¦ãã ã•ã„  Apple 2021 AirPodsï¼ˆç¬¬3ä¸–ä»£ï¼‰ ãƒ¯ã‚¤ãƒ¤ãƒ¬ã‚¹ã‚¤ãƒ¤ãƒ›ãƒ³ 801  â–¼å•†å“ãƒšãƒ¼ã‚¸ã¯ã‚³ãƒãƒ©  https://t.co/YIBOzo9iaG,ja,[],['https://amzn.to/3EhfGrz'],[],0,0,0,[],[],https://twitter.com/MTMhhbxbB54Wkpa/status/1580607129668694018,False,,0,,,,,,,,[],,,,
1580607125319221248,1580607125319221248,2022-10-13 20:11:19 TÃ¼rkiye Standart Saati,2022-10-13,20:11:19,+0300,1551539464962560000,freetmaines,Teflon Trav,,Iâ€™m nasty; she nasty; we apple juice,en,[],[],[],0,0,0,[],[],https://twitter.com/FreeTMaines/status/1580607125319221248,False,,0,,,,,,,,[],,,,
1580607125071757312,1580607125071757312,2022-10-13 20:11:19 TÃ¼rkiye Standart Saati,2022-10-13,20:11:19,+0300,2898200274,mumbaikhabar9,MUMBAI NEWS,,"Apple Airpods &amp; Adaptor, One Plus, Boat wireless earphones worth â‚¹1.5 Cr were seized by Customs department of Jawaharlal Nehru Port in Navi Mumbai | These were found in 2 consignments of Mobile backcovers, USB cables of total declared value of just â‚¹10 lakhs  https://t.co/uvLTbeVZCa",en,[],[],['https://pbs.twimg.com/media/Fe9xzHUUYAsvvaX.jpg'],0,0,0,[],[],https://twitter.com/Mumbaikhabar9/status/1580607125071757312,False,,1,https://pbs.twimg.com/media/Fe9xzHUUYAsvvaX.jpg,,,,,,,[],,,,
1580607120851886095,1580607120851886095,2022-10-13 20:11:18 TÃ¼rkiye Standart Saati,2022-10-13,20:11:18,+0300,30955629,mn_chezhead,Nate Dehne,,"Check out the first ""An Hour From Tower"" podcast with CSS Women's Volleyball Coach (and icon), @DelilahDuluth.  We talk about her journey to CSS from California, youth sports, having a positive attitude, and so much more.  Download the episode on Apple Podcasts...Spotify to come!  https://t.co/2wuqvkfDsW",en,"[{'screen_name': 'delilahduluth', 'name': 'duluthdelilah', 'id': '1112140404147789824'}]",[],"['https://pbs.twimg.com/media/Fe9xjGwWQAA3Dl2.jpg', 'https://pbs.twimg.com/media/Fe9xjGzXEAAxrmg.jpg']",0,0,0,[],[],https://twitter.com/mn_chezhead/status/1580607120851886095,False,,1,https://pbs.twimg.com/media/Fe9xjGwWQAA3Dl2.jpg,,,,,,,[],,,,
1580607113025720320,1580607113025720320,2022-10-13 20:11:16 TÃ¼rkiye Standart Saati,2022-10-13,20:11:16,+0300,1195758562825424896,kate_lipmonster,iPhone 14 å†è²©æƒ…å ±@Plus / Pro / Pro Max,,ã€‡ Amazonã§å…¥è·ä¸­ï¼ ã€‡ Apple iPhone 14 256GB ãƒ–ãƒ«ãƒ¼ - SIMãƒ•ãƒªãƒ¼ 5Gå¯¾å¿œ ã€‡ 10/14 02:11:16 #iPhone14 #iPhone14Plus #iPhone14Pro #iPhone14ProMax  https://t.co/VZG0YXE6WR,ja,[],['https://www.amazon.co.jp/B0XJHZAM61/dp/B0BDJ3VXSZ?m=AN1VRQENFRJN5&tag=evis0-22'],[],0,0,0,"['iphone14', 'iphone14plus', 'iphone14pro', 'iphone14promax']",[],https://twitter.com/KATE_LipMonster/status/1580607113025720320,False,,0,,,,,,,,[],,,,
1580607112925057026,1580607112925057026,2022-10-13 20:11:16 TÃ¼rkiye Standart Saati,2022-10-13,20:11:16,+0300,1195758562825424896,kate_lipmonster,iPhone 14 å†è²©æƒ…å ±@Plus / Pro / Pro Max,,ã€‡ Amazonã§å…¥è·ä¸­ï¼ ã€‡ Apple iPhone 14 256GB ãƒ–ãƒ«ãƒ¼ - SIMãƒ•ãƒªãƒ¼ 5Gå¯¾å¿œ ã€‡ 10/14 02:11:16 #iPhone14 #iPhone14Plus #iPhone14Pro #iPhone14ProMax  https://t.co/a8ZopGt3Dh,ja,[],['https://www.amazon.co.jp/B0APYBJE7F/dp/B0BDJ3VXSZ?m=AN1VRQENFRJN5&tag=evis0-22'],[],0,0,0,"['iphone14', 'iphone14plus', 'iphone14pro', 'iphone14promax']",[],https://twitter.com/KATE_LipMonster/status/1580607112925057026,False,,0,,,,,,,,[],,,,
1580607110043533312,1580607110043533312,2022-10-13 20:11:15 TÃ¼rkiye Standart Saati,2022-10-13,20:11:15,+0300,1144059409829642240,misterfong3,SATÃNICO PANDEMONIUM,,Apple music is bugging  https://t.co/iB6cQGtRb7,en,[],[],"['https://pbs.twimg.com/media/Fe9xyVHXEAAJuL0.jpg', 'https://pbs.twimg.com/media/Fe9xyVGWQAAtmX5.jpg', 'https://pbs.twimg.com/media/Fe9xyVIXoAM3tTS.jpg']",0,0,0,[],[],https://twitter.com/misterFong3/status/1580607110043533312,False,,1,https://pbs.twimg.com/media/Fe9xyVHXEAAJuL0.jpg,,,,,,,[],,,,
1580607108944658432,1580607108944658432,2022-10-13 20:11:15 TÃ¼rkiye Standart Saati,2022-10-13,20:11:15,+0300,14768144,sflsteven,The Banker,,And here it is on Apple!  Also available on all other major podcasting platforms.  ENJOY!  https://t.co/Ii82fwuH7a,en,[],['https://podcasts.apple.com/us/podcast/episode36-giants-beat-the-green-bay-packers-recap-big-win/id1609869980?i=1000582172012'],[],0,0,0,[],[],https://twitter.com/SFLSteven/status/1580607108944658432,False,https://twitter.com/SFLSteven/status/1580606852177440768,0,,,,,,,,[],,,,
1580607102967775232,1580607102967775232,2022-10-13 20:11:14 TÃ¼rkiye Standart Saati,2022-10-13,20:11:14,+0300,1340959762410688514,ib4z7vntyfmzuvp,æ˜æ—¥é¦™ã®é€šè²©ç‰¹é›†,,Amazon è‰¯ã‹ã£ãŸã‚‰è¦‹ã¦ãã ã•ã„  Apple Lightning - Digital AVã‚¢ãƒ€ãƒ—ã‚¿ 351  â–¼å•†å“ãƒšãƒ¼ã‚¸ã¯ã‚³ãƒãƒ©  https://t.co/cDPS1fKCxR,ja,[],['https://amzn.to/3jJTcWw'],[],0,0,0,[],[],https://twitter.com/Ib4z7VNTYfmzUvP/status/1580607102967775232,False,,0,,,,,,,,[],,,,
1580607102405726209,1580325138612228097,2022-10-13 20:11:14 TÃ¼rkiye Standart Saati,2022-10-13,20:11:14,+0300,1450499400275566593,co_tcb_pod,Cautiously Optimistic Podcast,,APPLE   https://t.co/OLAXgUU8L0,en,[],['https://podcasts.apple.com/us/podcast/the-charging-buffalo-podcast/id1359825520?i=1000582464451'],[],0,0,0,[],[],https://twitter.com/CO_TCB_Pod/status/1580607102405726209,False,,0,,,,,,,,[],,,,
1580607097045016774,1580607097045016774,2022-10-13 20:11:12 TÃ¼rkiye Standart Saati,2022-10-13,20:11:12,+0300,855530204411940864,theydiggmo,OGA !,,Apple Maps down ?,en,[],[],[],1,0,0,[],[],https://twitter.com/theydiggmo/status/1580607097045016774,False,,0,,,,,,,,[],,,,
1580607094688206853,1580607094688206853,2022-10-13 20:11:12 TÃ¼rkiye Standart Saati,2022-10-13,20:11:12,+0300,17518040,ghostcatlady,"She, The CryptKeeper ğŸ’€ğŸ•¯ï¸âš°ï¸",,Goth apples.,en,[],[],[],0,0,0,[],[],https://twitter.com/GhostCatLady/status/1580607094688206853,False,https://twitter.com/interestingpot/status/1580061734500716544,0,,,,,,,,[],,,,
1580607094280970248,1580607094280970248,2022-10-13 20:11:12 TÃ¼rkiye Standart Saati,2022-10-13,20:11:12,+0300,438967242,fashoo_hoe,Mike,,Apple Maps being down is dogshit,en,[],[],[],0,0,0,[],[],https://twitter.com/fashoo_hoe/status/1580607094280970248,False,,0,,,,,,,,[],,,,
1580607094096420864,1578099457509322752,2022-10-13 20:11:12 TÃ¼rkiye Standart Saati,2022-10-13,20:11:12,+0300,19970404,averyisonline,Avery Penn,,"@DangerZoneDTS Trust me on this, Severance is SO GOOD  And yeah, itâ€™s awful. A weird thing, too, youâ€™d think Apple would want everybodyâ€™s money",en,[],[],[],0,0,0,[],[],https://twitter.com/AveryisOnline/status/1580607094096420864,False,,0,,,,,,,,"[{'screen_name': 'DangerZoneDTS', 'name': 'Quarussy Inspector', 'id': '3733025597'}]",,,,
1580607092771418112,1580607092771418112,2022-10-13 20:11:11 TÃ¼rkiye Standart Saati,2022-10-13,20:11:11,+0300,1376479059765424128,amayasu77,äººæ°—å•†å“å…¥è·é€Ÿå ±,,ã€äººæ°—å•†å“å…¥è·é€Ÿå ±ï¼ã€‘  â– Apple iPhone 14 256GB ãƒ–ãƒ«ãƒ¼ - SIMãƒ•ãƒªãƒ¼ 5Gå¯¾å¿œ  https://t.co/wSMqzoA8KD  ä¸€è¦§  https://t.co/rJWNHBTll7  ãŠæ—©ã‚ã«ã©ã†ãï¼ï¼,ja,[],"['https://www.amazon.co.jp/dp/B0BDJ3VXSZ?tag=amayasu7702-22&AssociateTag=amayasu7702-22&linkId=fa6642533a60b41afde4a2a61b4329e3', 'https://www.amazon.co.jp/dp/B0BDJ3VXSZ/ref=olp_aod_early_redir?_encoding=UTF8&aod=1&tag=amayasu7702-22&AssociateTag=amayasu7702-22']",[],0,0,0,[],[],https://twitter.com/Amayasu77/status/1580607092771418112,False,,0,,,,,,,,[],,,,
1580607091944742920,1580607091944742920,2022-10-13 20:11:11 TÃ¼rkiye Standart Saati,2022-10-13,20:11:11,+0300,1329071235922182144,urf5vpvorl6llpg,ã“ã®ã¯â­,,Amazon è‰¯ã‹ã£ãŸã‚‰è¦‹ã¦ãã ã•ã„  Apple iPad (ç¬¬ï¼•ä¸–ä»£) Wi-Fi + Cellular 32GB ã‚¹ãƒšãƒ¼ã‚¹ã‚°ãƒ¬ã‚¤ (æ•´å‚™æ¸ˆã¿å“) ã‚¿ãƒ–ãƒ¬ãƒƒãƒˆ 277  â–¼å•†å“ãƒšãƒ¼ã‚¸ã¯ã‚³ãƒãƒ©  https://t.co/WZaefiQynx,ja,[],['https://amzn.to/3EhoPQK'],[],0,0,0,[],[],https://twitter.com/URF5vpVORl6llPG/status/1580607091944742920,False,,0,,,,,,,,[],,,,
1580607090510671872,1580607090510671872,2022-10-13 20:11:11 TÃ¼rkiye Standart Saati,2022-10-13,20:11:11,+0300,1195323670857756672,apple_iphone_ss,iPhone14 äºˆç´„&å†å…¥è·é€šçŸ¥,,â–  Amazonã«ã¦å…¥è·ä¸­ ğŸ â–  Apple iPhone 14 256GB ãƒ–ãƒ«ãƒ¼ - SIMãƒ•ãƒªãƒ¼ 5Gå¯¾å¿œ â–  å…¥è·æ—¥æ™‚ 10/14 02:11:11 #iPhone14 #iPhone14Pro #iPhone14ProMax  https://t.co/uWKH6tjpte,ja,[],['https://www.amazon.co.jp/nAPYXdQjmF/dp/B0BDJ3VXSZ?m=AN1VRQENFRJN5&tag=apple14-22'],[],0,0,0,"['iphone14', 'iphone14pro', 'iphone14promax']",[],https://twitter.com/Apple_iPhone_ss/status/1580607090510671872,False,,0,,,,,,,,[],,,,
1580607090493513740,1580607090493513740,2022-10-13 20:11:11 TÃ¼rkiye Standart Saati,2022-10-13,20:11:11,+0300,1192717921807740928,news_iphone14,iPhone14 å†å…¥è·é€šçŸ¥ ã‚¢ã‚«ã‚¦ãƒ³ãƒˆ,,Amazonã«ã¦å…¥è·ä¸­ï¼ Apple iPhone 14 256GB ãƒ–ãƒ«ãƒ¼ - SIMãƒ•ãƒªãƒ¼ 5Gå¯¾å¿œ #iPhone14 #iPhone14Plus #iPhone14Pro #iPhone14ProMax 10/14 02:11:11 ç¾åœ¨  https://t.co/RLUQo6oWvc,ja,[],['https://www.amazon.co.jp/B0R7JR5U13/dp/B0BDJ3VXSZ?m=AN1VRQENFRJN5&tag=lphone14-22'],[],0,0,0,"['iphone14', 'iphone14plus', 'iphone14pro', 'iphone14promax']",[],https://twitter.com/News_iPhone14/status/1580607090493513740,False,,0,,,,,,,,[],,,,
1580607090459959301,1580607090459959301,2022-10-13 20:11:11 TÃ¼rkiye Standart Saati,2022-10-13,20:11:11,+0300,1195758562825424896,kate_lipmonster,iPhone 14 å†è²©æƒ…å ±@Plus / Pro / Pro Max,,ã€‡ Amazonã§å…¥è·ä¸­ï¼ ã€‡ Apple iPhone 14 256GB ãƒ–ãƒ«ãƒ¼ - SIMãƒ•ãƒªãƒ¼ 5Gå¯¾å¿œ ã€‡ 10/14 02:11:11 #iPhone14 #iPhone14Plus #iPhone14Pro #iPhone14ProMax  https://t.co/b7zUmSVpMs,ja,[],['https://www.amazon.co.jp/B0D6FZYPJQ/dp/B0BDJ3VXSZ?m=AN1VRQENFRJN5&tag=evis0-22'],[],0,0,0,"['iphone14', 'iphone14plus', 'iphone14pro', 'iphone14promax']",[],https://twitter.com/KATE_LipMonster/status/1580607090459959301,False,,0,,,,,,,,[],,,,
1580607088715501568,1580607088715501568,2022-10-13 20:11:10 TÃ¼rkiye Standart Saati,2022-10-13,20:11:10,+0300,761296367805341696,nicankush,Nick,,"My mom made apple bread pudding, itâ€™s awesome!",en,[],[],[],0,0,0,[],[],https://twitter.com/NicAnkush/status/1580607088715501568,False,,0,,,,,,,,[],,,,
1580607078963744768,1580607078963744768,2022-10-13 20:11:08 TÃ¼rkiye Standart Saati,2022-10-13,20:11:08,+0300,283604227,andyvermaut,Andy Vermaut,,"She attempted to locate emojis that look like her, but there's just a geek, a grandmother, or a teacher. #GlassesOn needs positive emojis. She submitted a letter to major tech requesting more representation for #WorldSightDay @mark_e_davis @unicode @Apple @facebook @Google",en,"[{'screen_name': 'mark_e_davis', 'name': 'mark davis â˜•', 'id': '28865563'}, {'screen_name': 'unicode', 'name': 'the unicode consortium', 'id': '160927018'}, {'screen_name': 'apple', 'name': 'apple', 'id': '380749300'}, {'screen_name': 'facebook', 'name': 'facebook', 'id': '1174426031010152448'}, {'screen_name': 'google', 'name': 'google', 'id': '20536157'}]",[],[],0,0,0,"['glasseson', 'worldsightday']",[],https://twitter.com/AndyVermaut/status/1580607078963744768,False,https://twitter.com/lowri_moore/status/1580422251446292480,0,,,,,,,,[],,,,
1580607076358709257,1580607076358709257,2022-10-13 20:11:07 TÃ¼rkiye Standart Saati,2022-10-13,20:11:07,+0300,343566768,gordonbrianr,Brian Gordon,,"As the rate of innovation in the smartphone market declines (and the trajectory becomes more certain), itâ€™s unsurprising to see that the makers of key components are able to win an increasing share of the Value-Added that Apple pioneered (cf Knight).  https://t.co/tZeqjUtMiV",en,[],[],['https://pbs.twimg.com/media/Fe9xv1uUYAQz8Pb.jpg'],0,0,0,[],[],https://twitter.com/GordonBrianR/status/1580607076358709257,False,,1,https://pbs.twimg.com/media/Fe9xv1uUYAQz8Pb.jpg,,,,,,,[],,,,
1580607072323788810,1580602520077885443,2022-10-13 20:11:06 TÃ¼rkiye Standart Saati,2022-10-13,20:11:06,+0300,1166008475891183616,msfantauzzo,"Officer Eric Blair, Discourse Social Worker",,@warmthfeelings Whatâ€™s he gonna cook? An apple tartine??,en,[],[],[],0,0,0,[],[],https://twitter.com/MSFantauzzo/status/1580607072323788810,False,,0,,,,,,,,"[{'screen_name': 'warmthfeelings', 'name': 'sweetie', 'id': '1040322921145589760'}]",,,,
1580607070906114051,1580607070906114051,2022-10-13 20:11:06 TÃ¼rkiye Standart Saati,2022-10-13,20:11:06,+0300,64456260,cbuscaraudio,Columbus Car Audio,,Don't want to or can't replace your factory radio? That doesn't mean you can't get Apple CarPlay/Android Auto.   Read more on our blog:  https://t.co/WQ6roOx797  #cca #columbuscaraudio #improvesound #oemupgrades #trustthepros  https://t.co/9CxoG5as6k,en,[],['https://columbuscaraudio.com/better-sound-without-replacing-factory-radio/'],[],0,0,0,"['cca', 'columbuscaraudio', 'improvesound', 'oemupgrades', 'trustthepros']",[],https://twitter.com/CbusCarAudio/status/1580607070906114051,False,,1,https://pbs.twimg.com/ext_tw_video_thumb/1580606808275689472/pu/img/s9THhfGfz3b0A5kd.jpg,,,,,,,[],,,,
1580607067592613901,1580607067592613901,2022-10-13 20:11:05 TÃ¼rkiye Standart Saati,2022-10-13,20:11:05,+0300,1231774650440355842,restockmask2,ãƒãƒwiki --äººæ°—å“è–„å•†å“å…¥è·é€šçŸ¥,,"&lt;Amazon&gt; Apple iPhone 14 256GB ãƒ–ãƒ«ãƒ¼ - SIMãƒ•ãƒªãƒ¼  https://t.co/SGrhI8iPso ï¿¥134,800 å…¥è·ã—ã¾ã—ãŸğŸ‡  https://t.co/nrPusjJxdT  94å›ç›®(30åˆ†çµŒé) (02:11:05) #ã“ã“ã«ã‚ã‚‹ã‚ˆãƒ¼",ja,[],"['https://www.amazon.co.jp/gp/offer-listing/B0BDJ3VXSZ/?tag=restockinfo-22&linkCode=ogi&th=1&psc=1', 'http://potch-wiki.blog/archives/B0BDJ3VXSZ.html']",[],0,0,0,['ã“ã“ã«ã‚ã‚‹ã‚ˆãƒ¼'],[],https://twitter.com/RestockMask2/status/1580607067592613901,False,,0,,,,,,,,[],,,,
1580607066590564353,1580607066590564353,2022-10-13 20:11:05 TÃ¼rkiye Standart Saati,2022-10-13,20:11:05,+0300,1291786096737689610,ieatmom,gui,,apple se vc tivesse um carregador bom q nÃ£o rachasse do nada q carregador vc teria,pt,[],[],[],0,0,0,[],[],https://twitter.com/iEatMom/status/1580607066590564353,False,,0,,,,,,,,[],,,,
1580607066401828866,1580604279534100480,2022-10-13 20:11:05 TÃ¼rkiye Standart Saati,2022-10-13,20:11:05,+0300,978750175572381696,cengiz95901121,CNGZ SHN,,"@SweatEconomy @FIFAWorldCup @coldplay @Apple @amazon @adidas @FewandFarNFT Siz sadece Ã¶dÃ¼l daÄŸÄ±tÄ±n,baska hic bir sey yapmayÄ±n,",tr,[],[],[],0,0,0,[],[],https://twitter.com/Cengiz95901121/status/1580607066401828866,False,,0,,,,,,,,"[{'screen_name': 'SweatEconomy', 'name': 'Sweat Ğ•conomy ğŸ’§', 'id': '1485617600239489028'}, {'screen_name': 'FIFAWorldCup', 'name': 'FIFA World Cup', 'id': '138372303'}, {'screen_name': 'coldplay', 'name': 'Coldplay', 'id': '18863815'}, {'screen_name': 'Apple', 'name': 'Apple', 'id': '380749300'}, {'screen_name': 'amazon', 'name': 'Amazon', 'id': '20793816'}, {'screen_name': 'adidas', 'name': 'adidas', 'id': '300114634'}, {'screen_name': 'FewandFarNFT', 'name': 'Few and Far ğŸï¸', 'id': '1488199380473577475'}]",,,,
1580607065554182159,1580607065554182159,2022-10-13 20:11:05 TÃ¼rkiye Standart Saati,2022-10-13,20:11:05,+0300,29336834,miss_nicoleann,Nicole,,"The Apple M1 chip. Amazing for application and processing. A giant hellscape for developing.  All of the people who have written tutorials on installing scientific programs onto the M1 chip, you are the real MVP. #compchem #apple #science",en,[],[],[],0,1,1,"['compchem', 'apple', 'science']",[],https://twitter.com/miss_nicoleann/status/1580607065554182159,False,,0,,,,,,,,[],,,,
1580607062719225857,1580607062719225857,2022-10-13 20:11:04 TÃ¼rkiye Standart Saati,2022-10-13,20:11:04,+0300,22145363,shippingco,Neighborhood Parcel,,"How to Apply for U.S Mailbox address, follow our guide to get your own American Street Address Mailbox in 24Hrs, shop eBay, Amazon, Apple, Bestbuy, Target  https://t.co/jsMXUvUTNd",en,[],[],['https://pbs.twimg.com/media/Fe9xv0FWYAMcTUI.jpg'],0,0,0,[],[],https://twitter.com/shippingco/status/1580607062719225857,False,,1,https://pbs.twimg.com/media/Fe9xv0FWYAMcTUI.jpg,,,,,,,[],,,,
1580607062488203264,1580607062488203264,2022-10-13 20:11:04 TÃ¼rkiye Standart Saati,2022-10-13,20:11:04,+0300,68863908,mailforwarder,Mail Forwarder,,"How to Apply for U.S Mailbox address, follow our guide to get your own American Street Address Mailbox in 24Hrs, shop eBay, Amazon, Apple, Bestbuy, Target  https://t.co/iDZOoy2ERJ",en,[],[],['https://pbs.twimg.com/media/Fe9xv0zWYAAdd8s.jpg'],0,0,0,[],[],https://twitter.com/mailforwarder/status/1580607062488203264,False,,1,https://pbs.twimg.com/media/Fe9xv0zWYAAdd8s.jpg,,,,,,,[],,,,
1580607062102269964,1580607062102269964,2022-10-13 20:11:04 TÃ¼rkiye Standart Saati,2022-10-13,20:11:04,+0300,2285027688,biz_boston,Biz International,,"How to Apply for U.S Mailbox address, follow our guide to get your own American Street Address Mailbox in 24Hrs, shop eBay, Amazon, Apple, Bestbuy, Target  https://t.co/d2tYJx0GaR",en,[],[],['https://pbs.twimg.com/media/Fe9xv0XX0AIDpZx.jpg'],0,0,0,[],[],https://twitter.com/Biz_Boston/status/1580607062102269964,False,,1,https://pbs.twimg.com/media/Fe9xv0XX0AIDpZx.jpg,,,,,,,[],,,,
1580607061024333828,1580607061024333828,2022-10-13 20:11:04 TÃ¼rkiye Standart Saati,2022-10-13,20:11:04,+0300,1969616828,rentusmailbox,Alan,,"How to Apply for U.S Mailbox address, follow our guide to get your own American Street Address Mailbox in 24Hrs, shop eBay, Amazon, Apple, Bestbuy, Target  https://t.co/e8qkewd6LY",en,[],[],['https://pbs.twimg.com/media/Fe9xvvSWQAc5zGO.jpg'],0,0,0,[],[],https://twitter.com/RentUSmailbox/status/1580607061024333828,False,,1,https://pbs.twimg.com/media/Fe9xvvSWQAc5zGO.jpg,,,,,,,[],,,,
1580607060835590144,1580607060835590144,2022-10-13 20:11:04 TÃ¼rkiye Standart Saati,2022-10-13,20:11:04,+0300,2810608289,getmyusmail,Alex Webber,,"How to Apply for U.S Mailbox address, follow our guide to get your own American Street Address Mailbox in 24Hrs, shop eBay, Amazon, Apple, Bestbuy, Target  https://t.co/zM7I6W1yVi",en,[],[],['https://pbs.twimg.com/media/Fe9xvuWXEAEjl7-.jpg'],0,0,0,[],[],https://twitter.com/getmyusmail/status/1580607060835590144,False,,1,https://pbs.twimg.com/media/Fe9xvuWXEAEjl7-.jpg,,,,,,,[],,,,
1580607055853154304,1580607055853154304,2022-10-13 20:11:03 TÃ¼rkiye Standart Saati,2022-10-13,20:11:03,+0300,14510875,oficinadanet,Oficina da Net,,Os AirPods da Apple sÃ£o impermeÃ¡veis? O que fazer se molhÃ¡-los? -&gt;  https://t.co/187sNLgDyQ #apple #fonesdeouvido | Por @prkinast  https://t.co/Jpo4ttbnK4,pt,"[{'screen_name': 'prkinast', 'name': 'priscilla kinast #lula2022', 'id': '75442929'}]",['https://www.oficinadanet.com.br/headphones/42680-airpods-impermeaveis?utm_source=twitter&utm_medium=RedesSociais&utm_campaign=42680'],['https://pbs.twimg.com/media/Fe9xvYrX0AIy5PL.jpg'],0,0,0,"['apple', 'fonesdeouvido']",[],https://twitter.com/OficinadaNet/status/1580607055853154304,False,,1,https://pbs.twimg.com/media/Fe9xvYrX0AIy5PL.jpg,,,,,,,[],,,,
1580607051855630336,1580607051855630336,2022-10-13 20:11:02 TÃ¼rkiye Standart Saati,2022-10-13,20:11:02,+0300,105464989,appgefahren,Appgefahren,,appNews: VPN-Apps unter iOS: Viele Apple-Apps senden trotzdem private Daten  https://t.co/ScbpEA8gVg,de,[],['https://www.appgefahren.de/vpn-apps-unter-ios-viele-apple-apps-senden-trotzdem-private-daten-326096.html'],[],0,0,0,[],[],https://twitter.com/appgefahren/status/1580607051855630336,False,,0,,,,,,,,[],,,,
1580607050828349442,1580564410082689024,2022-10-13 20:11:01 TÃ¼rkiye Standart Saati,2022-10-13,20:11:01,+0300,1519306858430930944,umberto36126058,JunkYard_Dawg,,"@StaceysUpInHere It's very frustrating to know that we must ""peck"" out our texts, when it would be so much more convenient to use speech. You think rednecks may be being discriminated against? Hey @Apple hahaha!",en,"[{'screen_name': 'apple', 'name': 'apple', 'id': '380749300'}]",[],[],0,0,0,[],[],https://twitter.com/Umberto36126058/status/1580607050828349442,False,,0,,,,,,,,"[{'screen_name': 'StaceysUpInHere', 'name': 'Stacey', 'id': '1315647884'}]",,,,
1580607049162842113,1580607049162842113,2022-10-13 20:11:01 TÃ¼rkiye Standart Saati,2022-10-13,20:11:01,+0300,1549301642473836545,fluidinknee_,Fluid in knee/ Ovulation Check,,Apple Watch Series 8 deal: Lowest price ever atÂ Walmart  https://t.co/SPILfbArGM,en,[],['https://ovulationcheck.com/apple-watch-series-8-deal-lowest-price-ever-at-walmart/'],[],0,0,0,[],[],https://twitter.com/fluidinknee_/status/1580607049162842113,False,,0,,,,,,,,[],,,,
1580607047959482368,1580596213778644992,2022-10-13 20:11:01 TÃ¼rkiye Standart Saati,2022-10-13,20:11:01,+0300,3842548827,stewartnial,Nial Stewart,,"@Craig4P ""Gala apples are usually horrible: overly sweet, otherwise tasteless""  ğŸ˜¡  Craig, all that west coast rain has affected your taste buds.",en,[],[],[],0,0,0,[],[],https://twitter.com/StewartNial/status/1580607047959482368,False,,0,,,,,,,,"[{'screen_name': 'Craig4P', 'name': 'Craig Ross', 'id': '1322250246433525760'}]",,,,
1580607046780866561,1580601764969336837,2022-10-13 20:11:00 TÃ¼rkiye Standart Saati,2022-10-13,20:11:00,+0300,1364329924224548868,yotenotes,Kitt ğŸ‚,,Had some wrinkly apples I forgot about in the back of the fridge so they are becoming apple crisp ğŸ˜‹,en,[],[],[],0,0,0,[],[],https://twitter.com/YoteNotes/status/1580607046780866561,False,,0,,,,,,,,[],,,,
1580607046428155918,1580607046428155918,2022-10-13 20:11:00 TÃ¼rkiye Standart Saati,2022-10-13,20:11:00,+0300,1524096919936634881,profertasofc,Profertas,,"(carrefour) Apple Ipad 9a GeraÃ§Ã£o Wi-fi 64GB - Silver de R$2799,00 por R$2499,00 -  https://t.co/BJDt6Gzy48  #promoÃ§Ã£o #desconto #oferta  https://t.co/XgN3CvzKYC",pt,[],['http://oferta.vc/v2/28604d78daf'],['https://pbs.twimg.com/media/Fe9xu8XUYAcRk4v.jpg'],0,0,0,"['promoÃ§Ã£o', 'desconto', 'oferta']",[],https://twitter.com/ProfertasOfc/status/1580607046428155918,False,,1,https://pbs.twimg.com/media/Fe9xu8XUYAcRk4v.jpg,,,,,,,[],,,,
1580607043958108160,1580607043958108160,2022-10-13 20:11:00 TÃ¼rkiye Standart Saati,2022-10-13,20:11:00,+0300,1512783098945191942,mordantgreen,Nicholas McMullen,,@Apple Maps is down and I canâ€™t remember how to get home from work.,en,[],[],[],0,0,0,[],[],https://twitter.com/mordantgreen/status/1580607043958108160,False,,0,,,,,,,,[],,,,
1580607043710644225,1580593001813856265,2022-10-13 20:11:00 TÃ¼rkiye Standart Saati,2022-10-13,20:11:00,+0300,467873164,alexmiller1987,Alex Miller,,@milesSI @Apple It looks terrible...this isnt any sort of Improvement. This game is screaming of lackluster development across the board.,en,[],[],[],0,0,0,[],[],https://twitter.com/alexmiller1987/status/1580607043710644225,False,,0,,,,,,,,"[{'screen_name': 'milesSI', 'name': 'Miles Jacobson ğŸ’™', 'id': '37889646'}, {'screen_name': 'Apple', 'name': 'Apple', 'id': '380749300'}]",,,,
1580607037129383953,1580607037129383953,2022-10-13 20:10:58 TÃ¼rkiye Standart Saati,2022-10-13,20:10:58,+0300,82618163,depoisdosdrinks,pedro martins,,"e aÃ­ apple, aceito em pix mesmo. 160 reais na conta da mamÃ£e.",pt,[],[],[],0,0,0,[],[],https://twitter.com/depoisdosdrinks/status/1580607037129383953,False,https://twitter.com/updatecharts/status/1580587845118722050,0,,,,,,,,[],,,,
1580607023401426947,1580604443501813770,2022-10-13 20:10:55 TÃ¼rkiye Standart Saati,2022-10-13,20:10:55,+0300,1578157333670236160,sionedthearcher,Sioned (Taylorâ€™s Version),,@Leighswiftie08 Iâ€™ve literally had Apple Music just to listen to Superman ğŸ’€,en,[],[],[],1,0,1,[],[],https://twitter.com/SionedTheArcher/status/1580607023401426947,False,,0,,,,,,,,"[{'screen_name': 'Leighswiftie08', 'name': 'Leigh-Anne ğŸ•¯ï¸Graham NortonğŸ•¯ï¸ \U0001f979Sweet Nothing\U0001f979', 'id': '1459632829265022982'}]",,,,
1580607018024697856,1580607018024697856,2022-10-13 20:10:54 TÃ¼rkiye Standart Saati,2022-10-13,20:10:54,+0300,891134362867171329,_only1lele,Ù‹,,is apple maps down wtf,en,[],[],[],0,0,0,[],[],https://twitter.com/_only1lele/status/1580607018024697856,False,,0,,,,,,,,[],,,,
1580607014765355025,1580607014765355025,2022-10-13 20:10:53 TÃ¼rkiye Standart Saati,2022-10-13,20:10:53,+0300,283604227,andyvermaut,Andy Vermaut,,"She attempted to locate emojis that look like her, but there's just a geek, a grandmother, or a teacher. #GlassesOn needs positive emojis. She submitted a letter to major tech requesting more representation for #WorldSightDay @mark_e_davis @unicode @Apple @facebook @Google",en,"[{'screen_name': 'mark_e_davis', 'name': 'mark davis â˜•', 'id': '28865563'}, {'screen_name': 'unicode', 'name': 'the unicode consortium', 'id': '160927018'}, {'screen_name': 'apple', 'name': 'apple', 'id': '380749300'}, {'screen_name': 'facebook', 'name': 'facebook', 'id': '1174426031010152448'}, {'screen_name': 'google', 'name': 'google', 'id': '20536157'}]",[],[],0,0,0,"['glasseson', 'worldsightday']",[],https://twitter.com/AndyVermaut/status/1580607014765355025,False,https://twitter.com/lowri_moore/status/1580422251446292480,0,,,,,,,,[],,,,
1580607010894381056,1580594648719818756,2022-10-13 20:10:52 TÃ¼rkiye Standart Saati,2022-10-13,20:10:52,+0300,3130840648,ctalty63,Courtney Talty,,@AriMelber Cinnamon apple tea and dark chocolate M&amp;Ms. ğŸ™‚,en,[],[],[],0,0,0,[],[],https://twitter.com/ctalty63/status/1580607010894381056,False,,0,,,,,,,,"[{'screen_name': 'AriMelber', 'name': 'â€œthe reporterâ€', 'id': '15441965'}]",,,,
1580607004326100992,1580607004326100992,2022-10-13 20:10:50 TÃ¼rkiye Standart Saati,2022-10-13,20:10:50,+0300,627391381,cris_tian25,CristianGarcÃ­a,,TenÃ©is el tiempo de espera casi igual que el servicio de #apple jajajaja @SamsungEspana espabila  https://t.co/LEYexmZTHQ,es,"[{'screen_name': 'samsungespana', 'name': 'samsung espaÃ±a', 'id': '45579875'}]",[],['https://pbs.twimg.com/media/Fe9xsO3WQAc_UWJ.jpg'],0,0,0,['apple'],[],https://twitter.com/cris_tian25/status/1580607004326100992,False,,1,https://pbs.twimg.com/media/Fe9xsO3WQAc_UWJ.jpg,,,,,,,[],,,,
1580606998374064128,1580606998374064128,2022-10-13 20:10:49 TÃ¼rkiye Standart Saati,2022-10-13,20:10:49,+0300,1164888082811883526,beknewstv,BEK News. Real People. Real News.,,"BEK Weather Update - Download the free BEK Weather app right now on Android and Apple!  Visit your app store to download. Your leader in local weather, BEK News! #BEK #BEKNews #BEKWeather #WeatherUpdate #NDWX  https://t.co/7CtTC1PjLt",en,[],[],[],0,0,0,"['bek', 'beknews', 'bekweather', 'weatherupdate', 'ndwx']",[],https://twitter.com/BEKNewsTV/status/1580606998374064128,False,,1,https://pbs.twimg.com/amplify_video_thumb/1580606913447972866/img/cClW4mRNlw50QKd2.jpg,,,,,,,[],,,,
1580606997870698504,1580579152348221440,2022-10-13 20:10:49 TÃ¼rkiye Standart Saati,2022-10-13,20:10:49,+0300,2356552988,shmitapz,Shmitapz,,"@sohachi an oversized lightning port that only ""fast"" charges in Apple chargers for $149 @ month  a certified adapter (depending on market) for $3099 that only goes up to 8.8kw  and a warranty clause that voids you and bans you if you dare to use 3rd party adapters and/or chargers(telsa)?",en,[],[],[],0,0,0,[],[],https://twitter.com/shmitapz/status/1580606997870698504,False,,0,,,,,,,,"[{'screen_name': 'sohachi', 'name': 'sohachiğŸŒ»â˜€ï¸skeb!', 'id': '107747585'}]",,,,
1580606997375770624,1580606997375770624,2022-10-13 20:10:49 TÃ¼rkiye Standart Saati,2022-10-13,20:10:49,+0300,3071994679,loladynamite_,Jasmine Sensei,,Everyone cause the love Spotify but funny cause I had that app first and hated it ğŸ˜‚ğŸ˜‚ mustâ€™ve been using it wrong. But then again the ppl I know irl who donâ€™t like Apple Music donâ€™t be using it right lol,en,[],[],[],0,0,0,[],[],https://twitter.com/loladynamite_/status/1580606997375770624,False,https://twitter.com/kheumani/status/1580289806986190849,0,,,,,,,,[],,,,
1580606991483166723,1580605689311170560,2022-10-13 20:10:47 TÃ¼rkiye Standart Saati,2022-10-13,20:10:47,+0300,2350924561,ultrahottie2000,Lisa Neuman,,@ginaleone Thanks. Just started two days ago. I am also drinking warm water with Apple Cider Vinegar and lemon juice first thing in the morning and taking vitamins.,en,[],[],[],0,0,0,[],[],https://twitter.com/UltraHottie2000/status/1580606991483166723,False,,0,,,,,,,,"[{'screen_name': 'ginaleone', 'name': 'Gina Leone', 'id': '192782227'}]",,,,
1580606989520207874,1580545390843424769,2022-10-13 20:10:47 TÃ¼rkiye Standart Saati,2022-10-13,20:10:47,+0300,970742916,kaydbelle,SocialistK#BLM #ToriesoutğŸŒˆâ„ï¸ğŸ‡¯ğŸ‡²ğŸ‡¬ğŸ‡§ğŸ‡µğŸ‡¸,,"@arrivamidlandsE Why do the 38 buses decline Apple pay? My 16 year old relies on public transport to travel from Derby Bus station and every single day she has issues paying and yes, there are sufficient funds. Is she supposed to walk home to Sinfin ?",en,[],[],[],0,0,0,[],[],https://twitter.com/kaydbelle/status/1580606989520207874,False,,0,,,,,,,,"[{'screen_name': 'arrivamidlandsE', 'name': 'Arriva Midlands East', 'id': '32406457'}]",,,,
1580606989390209025,1580606989390209025,2022-10-13 20:10:47 TÃ¼rkiye Standart Saati,2022-10-13,20:10:47,+0300,62347531,ishujaahmedch,Shuja Ahmed Ch.,,"53 Best Prime Day Deals Still Going Strong (2022): Phones, Laptops, Espresso Machines - Amazon's big event is over, but a few of our favorite things are still on sale, like robot vacuums, laptops, Pixel phones, and Apple watches. -  https://t.co/oHseDozgaA",en,[],['https://www.wired.com/story/best-amazon-prime-day-leftover-deals-2022-1/'],[],0,0,0,[],[],https://twitter.com/iShujaAhmedCh/status/1580606989390209025,False,,0,,,,,,,,[],,,,
1580606986890379264,1580606977872257036,2022-10-13 20:10:46 TÃ¼rkiye Standart Saati,2022-10-13,20:10:46,+0300,1069812316663885825,smolstarthief,StarChild | Stand With Ukraine ğŸ’™ğŸ’›,,"If not, then the block or unfollow buttons are there when we need them. Or just scroll, either one works. There's no denying that there are bad apples though to be fair but yeah... Everyone also has triggers too so it's understandable if some subjects aren't their thing.",en,[],[],[],1,0,0,[],[],https://twitter.com/SmolStarThief/status/1580606986890379264,False,,0,,,,,,,,[],,,,
1580606986848448512,1580606986848448512,2022-10-13 20:10:46 TÃ¼rkiye Standart Saati,2022-10-13,20:10:46,+0300,1006038390284750849,apple_kun_kun,PPP@æœ€æ–°æƒ…å ±ãŠå±Šã‘å›,,å£²ã‚Šåˆ‡ã‚Œç¶šå‡ºä¸­ï¼ æ€¥ã’ãƒ¼ï¼ï¼ å†å…¥è· å†è²© åœ¨åº«ã‚ã‚Š  Apple Watch Ultra ã‚¢ãƒ«ãƒ‘ã‚¤ãƒ³ãƒ«ãƒ¼ãƒ—  åœ¨åº«å¾©æ´» å…¥è·  æ–°å‹ #AppleWatch #ã‚¢ãƒƒãƒ—ãƒ«ã‚¦ã‚©ãƒƒãƒ #AppleWatchUltra  âœŠAmazon  https://t.co/fPnpc3obr7,ja,[],['https://amzn.to/3g0DuaX'],[],0,0,0,"['applewatch', 'ã‚¢ãƒƒãƒ—ãƒ«ã‚¦ã‚©ãƒƒãƒ', 'applewatchultra']",[],https://twitter.com/apple_kun_kun/status/1580606986848448512,False,,0,,,,,,,,[],,,,
1580606981295206402,1580584482582966272,2022-10-13 20:10:45 TÃ¼rkiye Standart Saati,2022-10-13,20:10:45,+0300,1389208239397560325,jimlis_,13,,@choquei apple/iphone eh uma chacota! android&gt;&gt;&gt;&gt;,it,[],[],[],0,0,0,[],[],https://twitter.com/jimlis_/status/1580606981295206402,False,,0,,,,,,,,"[{'screen_name': 'choquei', 'name': 'CHOQUEI', 'id': '953378142198161409'}]",,,,
1580606976345530381,1580606976345530381,2022-10-13 20:10:44 TÃ¼rkiye Standart Saati,2022-10-13,20:10:44,+0300,521475377,elcryptocommand,TheCryptoCommander,,@Google when is @Android #AndroidAuto gonna look cool as @Apple #CarPlay? Been an avid #Android user since @htc #EVO circa #2010 but this is a game changer. #CatchTFup,en,"[{'screen_name': 'android', 'name': 'android', 'id': '382267114'}, {'screen_name': 'apple', 'name': 'apple', 'id': '380749300'}, {'screen_name': 'htc', 'name': 'htc', 'id': '15818391'}]",[],[],0,0,0,"['androidauto', 'carplay', 'android', 'evo', 'catchtfup']",[],https://twitter.com/ElCryptoCommand/status/1580606976345530381,False,,0,,,,,,,,[],,,,
1580606975749939204,1580606975749939204,2022-10-13 20:10:43 TÃ¼rkiye Standart Saati,2022-10-13,20:10:43,+0300,843753703156912129,ghaderalkhashti,â™€ï¸ ğŸ‡©ğŸ‡ªØºØ¯ÙŠØ± Ø§Ù„Ø®Ø´ØªÙŠ ğŸ‡©ğŸ‡ª â™€ï¸,,Ù…Ø³Ù„Ø³Ù„ Ø§ÙŠØ±Ù„Ù†Ø¯ÙŠ Ø¬Ù…ÙŠÙ„ğŸ˜ Ø§Ø³Ù…Ù‡ Bad sisters ÙƒÙˆÙ…ÙŠØ¯ÙŠØ§ Ø³ÙˆØ¯Ø§Ø¡ ÙˆØºÙ…ÙˆØ¶ Ø¹Ù† Ø£Ø®ÙˆØ§Øª ÙŠØªÙˆØ±Ø·Ù† Ø¨Ø¬Ø±ÙŠÙ…Ø© Ù‚ØªÙ„ØŒ ÙˆÙ‡Ù†Ø§Ùƒ Ø´Ø®ØµÙŠÙ‡ Ø§Ù„Ø²ÙˆØ¬ Ø§Ù„Ù…Ø³ØªÙØ² Ø§Ù„Ø°ÙƒÙˆØ±ÙŠ ğŸ¤¢ğŸ¤¢ÙˆØ­Ø³ÙŠØªÙ‡ Ù†Ø³ÙˆÙŠ feminism Ù…Ù…ØªØ¹ Ø§Ù„Ù…Ø³Ù„Ø³Ù„ Ù…ØªÙˆÙØ± Ø¹Ù„Ù‰ Ù…Ù†ØµØ© Apple TV Ùˆ the kee Ù…Ø³Ù„Ø³Ù„ [Bad Sisters] Ø­ØµÙ„ Ø¹Ù„Ù‰ ØªÙ‚ÙŠÙŠÙ… 100% Ù…Ù† 22 Ù…Ø±Ø§Ø¬Ø¹Ø© Ù†Ù‚Ø¯ÙŠØ© ÙÙŠ ğŸ…ÙŠØ¹Ù†ÙŠ ÙˆØ§Ùˆ ğŸ¤©  https://t.co/e2Gc9tTb8d,ar,[],[],['https://pbs.twimg.com/media/Fe9xqXGXgAEdZ3F.jpg'],0,1,0,[],[],https://twitter.com/ghaderalkhashti/status/1580606975749939204,False,,1,https://pbs.twimg.com/media/Fe9xqXGXgAEdZ3F.jpg,,,,,,,[],,,,
1580606971081678853,1580584482582966272,2022-10-13 20:10:42 TÃ¼rkiye Standart Saati,2022-10-13,20:10:42,+0300,107138041,mooniquea_,mooni. ğŸ‡§ğŸ‡·,,@choquei SerÃ¡ que posso ir na Apple pegar minha caixinha tipo C que nÃ£o veio com meu aparelho? ğŸ¤¡ğŸ¤¡ğŸ¤¡,pt,[],[],[],0,0,0,[],[],https://twitter.com/mooniquea_/status/1580606971081678853,False,,0,,,,,,,,"[{'screen_name': 'choquei', 'name': 'CHOQUEI', 'id': '953378142198161409'}]",,,,
1580606970977189889,1580606970977189889,2022-10-13 20:10:42 TÃ¼rkiye Standart Saati,2022-10-13,20:10:42,+0300,88953658,saxonharold,Harold Godwinson ğŸ´ó §ó ¢ó ¥ó ®ó §ó ¿ğŸ‡ºğŸ‡¦,,"We shall rest a while by the hoary apple tree on Caldbeck Hill. Can almost smell William the Bastard and his Norman dogs from here, Tomorrow will bring a great Saxon victory. We must not fail! And remember......",en,[],[],[],0,0,1,[],[],https://twitter.com/SaxonHarold/status/1580606970977189889,False,,0,,,,,,,,[],,,,
1580606968116305922,1580606968116305922,2022-10-13 20:10:42 TÃ¼rkiye Standart Saati,2022-10-13,20:10:42,+0300,1399737268072550400,esotericbimbo,k,,"Irish halloween traditions ğŸƒ  peel an apple with an unbroken rind and throw it over your left shoulder, see what initial it forms and that's supposed to be the first letter of your loverâ€™s name  https://t.co/O9nva1HtyF",en,[],[],['https://pbs.twimg.com/media/Fe9xqRHXoAAnqTm.jpg'],0,0,0,[],[],https://twitter.com/esotericbimbo/status/1580606968116305922,False,,1,https://pbs.twimg.com/media/Fe9xqRHXoAAnqTm.jpg,,,,,,,[],,,,
1580606967625572353,1580606967625572353,2022-10-13 20:10:41 TÃ¼rkiye Standart Saati,2022-10-13,20:10:41,+0300,978735902859112448,adnansark,AdnansArk,,"Just close your $nflx ... there's no good content anyway... the mass media is too busy pushing their agendas through it ... now these ads tiers are only more reasons to #cancelnetflix  There's a great website that gathers hulu,apple+ nflx and Amazon content for free  https://t.co/izeuGB3tv1",en,[],[],['https://pbs.twimg.com/media/Fe9xqR7WAAITVT2.jpg'],1,1,0,['cancelnetflix'],['nflx'],https://twitter.com/AdnansArk/status/1580606967625572353,False,,1,https://pbs.twimg.com/media/Fe9xqR7WAAITVT2.jpg,,,,,,,[],,,,
1580606956108410881,1580594518469902336,2022-10-13 20:10:39 TÃ¼rkiye Standart Saati,2022-10-13,20:10:39,+0300,1346592213472579585,kumergaming,gamer official ğŸŒˆ,,@GoodReddit He cut up the Apple call that shit fruit ninja,en,[],[],[],0,0,0,[],[],https://twitter.com/KumerGaming/status/1580606956108410881,False,,0,,,,,,,,"[{'screen_name': 'GoodReddit', 'name': 'good reddit great reddit and sometimes bad reddit', 'id': '1313147693628297218'}]",,,,
1580606954913030145,1580606954913030145,2022-10-13 20:10:38 TÃ¼rkiye Standart Saati,2022-10-13,20:10:38,+0300,1183216018719592448,notyourones,biwaaa,,spotify gf apple music bf,en,[],[],[],0,0,0,[],[],https://twitter.com/notyourones/status/1580606954913030145,False,,0,,,,,,,,[],,,,
1580606946263982086,1580606946263982086,2022-10-13 20:10:36 TÃ¼rkiye Standart Saati,2022-10-13,20:10:36,+0300,92968340,aidansonline,Aidan McGaughey,,Good old @Apple - always on the move  https://t.co/0BalvMEN8q,en,"[{'screen_name': 'apple', 'name': 'apple', 'id': '380749300'}]",['https://nr.apple.com/DH2R4r1nc4'],[],0,0,0,[],[],https://twitter.com/AidansOnline/status/1580606946263982086,False,,0,,,,,,,,[],,,,
1580606943260860416,1580606943260860416,2022-10-13 20:10:36 TÃ¼rkiye Standart Saati,2022-10-13,20:10:36,+0300,1566608816736980992,iyyogqoatenetyi,ãŸã‹ã“,,éµãƒ»è²¡å¸ƒãƒ»å­ä¾›ã®å±…å ´æ‰€ãªã©ã«  Apple AirTag  â–¶ï¸ https://t.co/Fb6c3U20RK  AirTag ã‚±ãƒ¼ã‚¹  â–¶ï¸ https://t.co/lIeifAqJsM   https://t.co/LTX6D0blfO,ja,[],"['http://amzn.to/3D7cAb2', 'http://amzn.to/3KSZ9NP', 'https://amzn.to/3D7cAb2']",[],0,0,0,[],[],https://twitter.com/iyyOgQOaTENETYI/status/1580606943260860416,False,,0,,,,,,,,[],,,,
1580606942078066696,1580606942078066696,2022-10-13 20:10:35 TÃ¼rkiye Standart Saati,2022-10-13,20:10:35,+0300,39187512,lamezcladotcom,LaMezcla.com,,Now Streaming Eddie Santiago - Mia on #lamezclaradio Live on  https://t.co/regOfbrzlu or Download the Free LaMezcla Music App for Apple or Android,en,[],['http://LaMezcla.com'],[],0,0,0,['lamezclaradio'],[],https://twitter.com/LaMezclaDotCom/status/1580606942078066696,False,,0,,,,,,,,[],,,,
1580606939662147596,1580606939662147596,2022-10-13 20:10:35 TÃ¼rkiye Standart Saati,2022-10-13,20:10:35,+0300,1524096919936634881,profertasofc,Profertas,,"(carrefour) Apple Ipad 9th 64gb - Space Gray - A2602 de R$2799,00 por R$2499,00 -  https://t.co/q5qrDDHFxI  #promoÃ§Ã£o #desconto #oferta  https://t.co/sohkdQ7w5y",en,[],['http://oferta.vc/v2/2861b394886'],['https://pbs.twimg.com/media/Fe9xossUYAgpRFQ.jpg'],0,0,0,"['promoÃ§Ã£o', 'desconto', 'oferta']",[],https://twitter.com/ProfertasOfc/status/1580606939662147596,False,,1,https://pbs.twimg.com/media/Fe9xossUYAgpRFQ.jpg,,,,,,,[],,,,
1580606939452432386,1580606939452432386,2022-10-13 20:10:35 TÃ¼rkiye Standart Saati,2022-10-13,20:10:35,+0300,245989700,jaredstansbury,Jared Stansbury,,The officials are starting to take notice of @JordanBo_3's criticisms on the podcast.  Apple:  https://t.co/DL7WyKFAc8 Spotify:  https://t.co/Altn9WMtLo YouTube:  https://t.co/saxyEdny7t  https://t.co/JZ5aGFXZor,en,"[{'screen_name': 'jordanbo_3', 'name': 'jordan bohannon', 'id': '230960959'}]","['https://rb.gy/x90q75', 'https://rb.gy/qv2v7y', 'https://rb.gy/rl34yg']",[],0,0,0,[],[],https://twitter.com/JaredStansbury/status/1580606939452432386,False,,1,https://pbs.twimg.com/ext_tw_video_thumb/1580606351679578113/pu/img/f6GVSOL1lLvs2v-1.jpg,,,,,,,[],,,,
1580606932918104064,1580606932918104064,2022-10-13 20:10:33 TÃ¼rkiye Standart Saati,2022-10-13,20:10:33,+0300,1344033191431188483,almondviewpod,AlmondView Podcast,,ğŸ™ğŸ¦S3E11: Missing Fitz and Hissy FitzğŸ¦ğŸ™   Sad after Staggies ğŸ˜” âœ…ï¸ @livingstonwfc winners ğŸ˜ âœ…ï¸ Livi/St Johnstone Quiz   Spotify;  https://t.co/vbCZHUCOw0 Anchor;  https://t.co/LC8ubzwjff Apple;  https://t.co/17fmLc68mv  https://t.co/kQgThDpKty,en,"[{'screen_name': 'livingstonwfc', 'name': 'livingston wfc', 'id': '1201819247174926337'}]","['https://open.spotify.com/episode/1DiscfJYqcEEA996tLMfo8?si=NfGRMEhES7aU64OptXot7w&utm_source=copy-link', 'https://anchor.fm/almondviewpod/episodes/S3---E11---Missing-Fitz-and-Hissy-Fits-e1p6vbm', 'https://podcasts.apple.com/us/podcast/s3-e11-missing-fitz-and-hissy-fits/id1547741805?i=1000582538603']",['https://pbs.twimg.com/media/Fe9xoGHWQAEdx4h.jpg'],0,0,0,[],[],https://twitter.com/Almondviewpod/status/1580606932918104064,False,,1,https://pbs.twimg.com/media/Fe9xoGHWQAEdx4h.jpg,,,,,,,[],,,,
1580606926454689792,1580606926454689792,2022-10-13 20:10:32 TÃ¼rkiye Standart Saati,2022-10-13,20:10:32,+0300,563389354,jtobrien99,jt,,Apple Maps YOU are dogshit!,en,[],[],[],0,0,0,[],[],https://twitter.com/jtobrien99/status/1580606926454689792,False,,0,,,,,,,,[],,,,
1580606925007249411,1580606925007249411,2022-10-13 20:10:31 TÃ¼rkiye Standart Saati,2022-10-13,20:10:31,+0300,321055512,alexbabbyy,Alex,,nothing pisses me off more than when Apple Maps is not working lol,en,[],[],[],0,0,0,[],[],https://twitter.com/alexbabbyy/status/1580606925007249411,False,,0,,,,,,,,[],,,,
1580606924202348544,1580606924202348544,2022-10-13 20:10:31 TÃ¼rkiye Standart Saati,2022-10-13,20:10:31,+0300,239268271,queenkaylaa23,queen ğŸ’‹,,"Who needs a blessing? Drop your Cashapp, Zelle, Venmo or Apple Pay â¤ï¸â¤ï¸â¤ï¸ Must RETWEET â¤ï¸â¤ï¸â¤ï¸",en,[],[],[],2,1,3,[],[],https://twitter.com/QueenKaylaa23/status/1580606924202348544,False,,0,,,,,,,,[],,,,
1580606923468345344,1577830940310642688,2022-10-13 20:10:31 TÃ¼rkiye Standart Saati,2022-10-13,20:10:31,+0300,1137847190016200705,itsnototavi,Not_OtÃ¡vio,,"@GuiDouAle @LeonardoRj1984 @Apple Negativo   Isso se chama desvalorizaÃ§Ã£o da nossa moeda, claramente Ã© culpa disso e tambÃ©m um pouco do que vocÃª disse   1 USD = 5 BRL  499 dÃ³lares um iPhone 12 pro nos EUA 2.495 reais um iPhone 12 pro no Brasil   SalÃ¡rio mÃ­nimo lÃ¡ 1.270 dÃ³lares   SalÃ¡rio mÃ­nimo aqui 1200 reais",pt,[],[],[],0,0,0,[],[],https://twitter.com/itsNotOtavi/status/1580606923468345344,False,,0,,,,,,,,"[{'screen_name': 'GuiDouAle', 'name': 'Gui Douglas ğŸ‘½', 'id': '1499087024598523906'}, {'screen_name': 'LeonardoRj1984', 'name': 'Emanuel Leonardo', 'id': '1518712940534415363'}, {'screen_name': 'Apple', 'name': 'Apple', 'id': '380749300'}]",,,,
1580606922436542465,1580554683529109506,2022-10-13 20:10:31 TÃ¼rkiye Standart Saati,2022-10-13,20:10:31,+0300,1122846816,meelko_mka,Kurama,,@EvensHash jâ€™ai reÃ§u mon Apple Watch a 14h et jâ€™ai toujours pas rÃ©ussi Ã  lâ€™installer wsh câ€™est trop,fr,[],[],[],0,0,0,[],[],https://twitter.com/Meelko_MkA/status/1580606922436542465,False,,0,,,,,,,,"[{'screen_name': 'EvensHash', 'name': 'Zo', 'id': '2628380001'}]",,,,
1580606915067121666,1580606915067121666,2022-10-13 20:10:29 TÃ¼rkiye Standart Saati,2022-10-13,20:10:29,+0300,872810399762046977,yanadeyy_,yana,,Okay need an opinion fitbit versa 4 or apple watch SE? Main reason to buy a smartwatch is just to track calories during workout and the whole day of walking,en,[],[],[],0,0,0,[],[],https://twitter.com/yanadeyy_/status/1580606915067121666,False,,0,,,,,,,,[],,,,
1580606910662774784,1580604279534100480,2022-10-13 20:10:28 TÃ¼rkiye Standart Saati,2022-10-13,20:10:28,+0300,1547217389170876416,xkehdar,kehdar X ğŸŒ‹7ï¸âƒ£,,@SweatEconomy @FIFAWorldCup @coldplay @Apple @amazon @adidas @FewandFarNFT 10k @FewandFarNFT and I didnâ€™t get any? ğŸ˜­,en,"[{'screen_name': 'fewandfarnft', 'name': 'few and far ğŸï¸', 'id': '1488199380473577475'}]",[],[],0,0,0,[],[],https://twitter.com/XKehdar/status/1580606910662774784,False,,0,,,,,,,,"[{'screen_name': 'SweatEconomy', 'name': 'Sweat Ğ•conomy ğŸ’§', 'id': '1485617600239489028'}, {'screen_name': 'FIFAWorldCup', 'name': 'FIFA World Cup', 'id': '138372303'}, {'screen_name': 'coldplay', 'name': 'Coldplay', 'id': '18863815'}, {'screen_name': 'Apple', 'name': 'Apple', 'id': '380749300'}, {'screen_name': 'amazon', 'name': 'Amazon', 'id': '20793816'}, {'screen_name': 'adidas', 'name': 'adidas', 'id': '300114634'}, {'screen_name': 'FewandFarNFT', 'name': 'Few and Far ğŸï¸', 'id': '1488199380473577475'}]",,,,
1580606902852935695,1580606902852935695,2022-10-13 20:10:26 TÃ¼rkiye Standart Saati,2022-10-13,20:10:26,+0300,48170974,lindsgayh,lindsgayyğŸ’¥,,whyâ€™d I think they meant like literallyâ€¦ my initial thought was she was in the kitchen making a bomb ass apple pie or someshit ğŸ˜‚ğŸ˜…,en,[],[],[],1,1,1,[],[],https://twitter.com/lindsgayh/status/1580606902852935695,False,https://twitter.com/gohomechris/status/1580600740866686980,0,,,,,,,,[],,,,
1580606891881005056,1580606891881005056,2022-10-13 20:10:23 TÃ¼rkiye Standart Saati,2022-10-13,20:10:23,+0300,1566749603323645954,radich02081922,_RADICH,,Meu carrinho da Apple ultrapassou os 150.000 mil reais,pt,[],[],[],0,0,0,[],[],https://twitter.com/RADICH02081922/status/1580606891881005056,False,,0,,,,,,,,[],,,,
1580606890102620162,1580606890102620162,2022-10-13 20:10:23 TÃ¼rkiye Standart Saati,2022-10-13,20:10:23,+0300,1257323215874977794,thekainen,ğŸ’«KainenğŸ’«,,"Apple was like oh by the way we took that 13 out ya shit two days ago my boy, thought youâ€™d maybe like to know now lmfao havin it thoğŸ¤·ğŸ½â€â™‚ï¸",en,[],[],[],0,0,0,[],[],https://twitter.com/TheKainen/status/1580606890102620162,False,,0,,,,,,,,[],,,,
1580606889410588673,1580599439667757070,2022-10-13 20:10:23 TÃ¼rkiye Standart Saati,2022-10-13,20:10:23,+0300,1002265134922960897,zaktolba,Zakarya,,@france_identite Et voici un peu de lecture sur les mesures quâ€™Apple entreprend afin de sÃ©curiser sÃ©rieusement les donnÃ©es dâ€™identitÃ© avec cette fonctionnalitÃ©:  https://t.co/ScVvJwllio,fr,[],['https://support.apple.com/fr-fr/guide/security/secc50cff810/web'],[],0,0,0,[],[],https://twitter.com/zaktolba/status/1580606889410588673,False,,0,,,,,,,,"[{'screen_name': 'france_identite', 'name': 'France IdentitÃ©', 'id': '1451573861217095682'}]",,,,
1580606888227397634,1580606888227397634,2022-10-13 20:10:23 TÃ¼rkiye Standart Saati,2022-10-13,20:10:23,+0300,14970812,ianrobinson,Ian Robinson,,Apple Support.  5â­ï¸ Would recommend.  ğŸ˜ŠğŸ¥³ğŸ˜Š,en,[],[],[],0,0,0,[],[],https://twitter.com/IanRobinson/status/1580606888227397634,False,https://twitter.com/IanRobinson/status/1580606232666443776,0,,,,,,,,[],,,,
1580606885463351302,1580606885463351302,2022-10-13 20:10:22 TÃ¼rkiye Standart Saati,2022-10-13,20:10:22,+0300,2989110384,countrysidecrav,Malinda,,"Who doesnâ€™t love a great side dish? This Cranberry Fluff Salad is a wonderful side dish to serve at any holiday or even just Sunday dinner! It uses fresh (or frozen) whole cranberries, pineapple, cream cheese, apples, and whipped cream! This retro recipeâ€¦  https://t.co/mqUruhHJ84  https://t.co/Vek55MbAE9",en,[],['https://ift.tt/tnW741D'],['https://pbs.twimg.com/media/Fe9xlf7XkAMLP0H.jpg'],0,0,0,[],[],https://twitter.com/CountrysideCrav/status/1580606885463351302,False,,1,https://pbs.twimg.com/media/Fe9xlf7XkAMLP0H.jpg,,,,,,,[],,,,
1580606880774119439,1580592364078657536,2022-10-13 20:10:21 TÃ¼rkiye Standart Saati,2022-10-13,20:10:21,+0300,904887596857253888,makestwo,Flapjack,,@AshesTTV Apple has this too,en,[],[],[],0,0,0,[],[],https://twitter.com/MakesTwo/status/1580606880774119439,False,,0,,,,,,,,"[{'screen_name': 'AshesTTV', 'name': 'Ashes', 'id': '3016642625'}]",,,,
1580606878978957319,1580606878978957319,2022-10-13 20:10:20 TÃ¼rkiye Standart Saati,2022-10-13,20:10:20,+0300,1563357221055934467,9to5macpro,9to5 Mac Pro,,Sealed OG iPhone auction expects 50x launch price; $42k Apple-1 manual found to be a replica  https://t.co/t9d2xg1IF3  https://t.co/1AUimHQUWD,en,[],['https://9to5mac.com/2022/10/13/sealed-og-iphone-auction-and-apple-1-manual-snafu/'],['https://pbs.twimg.com/media/Fe9xlIvWYAEEJpO.jpg'],0,0,0,[],[],https://twitter.com/9to5macPro/status/1580606878978957319,False,,1,https://pbs.twimg.com/media/Fe9xlIvWYAEEJpO.jpg,,,,,,,[],,,,
1580606877154435080,1580606877154435080,2022-10-13 20:10:20 TÃ¼rkiye Standart Saati,2022-10-13,20:10:20,+0300,1552409747005050882,nanak0hasaba,É´á´€É´á´€á´‹á´,,"Is trying to break an apple in half,, sat on the sidewalk digging her thumbs into it and trying to copy the . . . being that showed her how to.",en,[],[],[],0,0,0,[],[],https://twitter.com/NANAK0HASABA/status/1580606877154435080,False,,0,,,,,,,,[],,,,
